exchange_id, ticker, last_price, pre_close_price, open_price, high_price, low_price, close_price, upper_limit_price, lower_limit_price, pre_delta, curr_delta, data_time, qty, turnover, avg_price, bid0, bid1, bid2, bid3, bid4, bid5, bid6, bid7, bid8, bid9, ask0, ask1, ask2, ask3, ask4, ask5, ask6, ask7, ask8, ask9, bid_qty0, bid_qty1, bid_qty2, bid_qty3, bid_qty4, bid_qty5, bid_qty6, bid_qty7, bid_qty8, bid_qty9, ask_qty0, ask_qty1, ask_qty2, ask_qty3, ask_qty4, ask_qty5, ask_qty6, ask_qty7, ask_qty8, ask_qty9, trades_count, ticker_status
2,988106,3879.09,3896.67,3898.35,3898.99,3849.71,0,0,0,0,0,20211118131935930,1498060468,6.18747e+10,0,0,0,0,0,0,0,0,0,0,0,0,0,0,0,0,0,0,0,0,0,0,0,0,0,0,0,0,0,0,0,0,0,0,0,0,0,0,0,0,0,0,T 
2,988006,3641.58,3658.08,3659.66,3660.26,3613.99,0,0,0,0,0,20211118131935930,1498060468,6.18747e+10,0,0,0,0,0,0,0,0,0,0,0,0,0,0,0,0,0,0,0,0,0,0,0,0,0,0,0,0,0,0,0,0,0,0,0,0,0,0,0,0,0,0,T 
2,988007,3640.4,3657.49,3658.54,3659.01,3612.66,0,0,0,0,0,20211118131935930,1498060468,7.94403e+09,0,0,0,0,0,0,0,0,0,0,0,0,0,0,0,0,0,0,0,0,0,0,0,0,0,0,0,0,0,0,0,0,0,0,0,0,0,0,0,0,0,0,T 
2,980023,2690.04,2719.9,2711.22,2711.28,2687.01,0,0,0,0,0,20211118131935930,627710048,1.48635e+10,0,0,0,0,0,0,0,0,0,0,0,0,0,0,0,0,0,0,0,0,0,0,0,0,0,0,0,0,0,0,0,0,0,0,0,0,0,0,0,0,0,0,T 
2,980068,2647.8,2631.09,2634.91,2662.73,2620.92,0,0,0,0,0,20211118131935930,1040472992,1.33785e+10,0,0,0,0,0,0,0,0,0,0,0,0,0,0,0,0,0,0,0,0,0,0,0,0,0,0,0,0,0,0,0,0,0,0,0,0,0,0,0,0,0,0,T 
2,123023,113.4,113.5,113.5,114.62,113.02,113.4,1e+09,0.001,0,0,20211118131939000,330722,3.76343e+07,113.794,113.403,113.4,113.388,113.331,113.328,113.3,113.286,113.216,113.215,113.206,113.463,113.49,113.5,113.532,113.55,113.554,113.57,113.584,113.6,113.65,10,450,50,10,110,10,20,10,1650,370,30,180,130,60,50,10,550,40,230,80,4604,T1
2,123027,363.773,331,331,366.968,326,363.773,1e+09,0.001,0,0,20211118131939000,5773800,2.01834e+09,349.569,363.418,363.414,363.413,363.408,363.405,363.387,363.377,363.362,363.1,363,363.811,363.855,363.862,363.864,363.866,363.894,363.92,363.999,364.163,364.318,110,50,30,100,80,60,30,30,20,510,10,100,20,20,30,80,20,20,40,540,113018,T1
2,123014,134.221,135.201,135.152,137.3,134.092,134.221,1e+09,0.001,0,0,20211118131939000,244160,3.3144e+07,135.747,134.16,134.12,134.1,134.092,134.05,134.01,134.001,134,133.99,133.92,134.221,134.273,134.359,134.488,134.494,134.5,134.509,134.6,134.76,134.762,120,170,10,10,100,180,30,690,20,30,250,10,20,200,140,200,250,10,30,10,3581,T1
2,123015,237.062,238.5,239,242.5,236.571,237.062,1e+09,0.001,0,0,20211118131939000,911660,2.18028e+08,239.155,236.927,236.908,236.903,236.902,236.9,236.801,236.8,236.73,236.71,236.701,237.278,237.283,237.308,237.384,237.5,237.55,237.59,237.599,237.655,237.7,230,290,30,50,10,100,240,10,20,120,20,120,30,30,280,20,140,100,10,370,16291,T1
2,123031,500,506,508.001,513.2,496.1,500,1e+09,0.001,0,0,20211118131939000,348510,1.76044e+08,505.134,499.64,499.635,499.51,499.505,499.504,499.503,499.46,499.457,499.43,499.4,500.399,500.4,500.439,500.44,500.446,500.5,500.573,500.8,500.869,501,50,60,10,30,10,10,10,60,240,20,30,10,70,100,30,20,40,40,10,90,10897,T1
2,123045,145.561,139.9,139.999,160.799,137.162,145.561,1e+09,0.001,0,0,20211118131939000,19622861,2.96867e+09,151.286,145.561,145.56,145.559,145.502,145.5,145.439,145.429,145.42,145.419,145.409,145.74,145.751,145.772,145.785,145.798,145.799,145.8,145.817,145.878,145.888,290,10,580,330,1130,100,1420,230,10,40,120,120,150,50,130,100,70,50,60,290,184160,T1
2,123043,151.489,153.1,153.199,153.35,151.1,151.489,1e+09,0.001,0,0,20211118131939000,374082,5.68542e+07,151.983,151.43,151.424,151.421,151.401,151.35,151.32,151.318,151.3,151.28,151.255,151.489,151.49,151.5,151.507,151.55,151.57,151.6,151.61,151.64,151.688,10,50,270,500,100,20,160,640,1200,260,370,750,20,770,600,470,50,20,20,130,5456,T1
2,123060,173.03,168.6,169.2,189.794,169.13,173.03,1e+09,0.001,0,0,20211118131939000,1898563,3.38356e+08,178.217,172.817,172.8,172.799,172.798,172.761,172.533,172.46,172.453,172.201,172.2,173.03,173.034,173.063,173.137,173.148,173.18,173.288,173.3,173.33,173.35,240,310,2470,100,150,240,60,60,20,50,110,2,290,42,10,12,240,2330,10,70,29024,T1
2,123062,119.48,119.933,119.934,120.25,119.182,119.48,1e+09,0.001,0,0,20211118131939000,32620,3.90452e+06,119.697,119.467,119.466,119.461,119.46,119.435,119.421,119.404,119.4,119.39,119.32,119.606,119.619,119.635,119.697,119.7,119.74,119.75,119.799,119.8,119.804,140,140,100,30,200,70,30,440,30,500,300,300,30,310,10,1250,10,30,40,10,637,T1
2,123070,278.858,266.8,277.8,290,262.568,278.858,1e+09,0.001,0,0,20211118131939000,17837243,4.91125e+09,275.337,278.86,278.856,278.81,278.806,278.805,278.8,278.795,278.793,278.792,278.79,278.943,278.944,278.99,278.991,278.998,278.999,279,279.01,279.071,279.081,250,100,40,100,30,140,620,430,20,100,90,50,10,120,80,770,5300,10,70,50,236975,T1
2,123073,128.76,127.4,127.76,129.487,127.503,128.76,1e+09,0.001,0,0,20211118131939000,80670,1.03817e+07,128.694,128.721,128.72,128.501,128.5,128.288,128.09,128.064,128.05,128.001,128,128.808,128.821,128.832,128.845,128.858,128.86,128.901,128.911,129,129.04,10,40,10,80,10,2000,900,3000,180,100,170,220,220,20,20,1120,10,20,1650,20,1361,T1
2,123075,125.281,127,127.5,129.238,125.1,125.281,1e+09,0.001,0,0,20211118131939000,54656,6.91508e+06,126.52,125.118,125.103,125.101,125.1,125,124.78,124.7,124.58,124.5,124.1,125.281,125.294,125.506,125.599,125.6,125.7,125.76,125.8,125.88,126,150,10,30,14980,760,20,20,60,50,100,6090,50,270,1300,5000,100,180,10,10,2310,1171,T1
2,123089,206.022,202.1,201,208.8,198.84,206.022,1e+09,0.001,0,0,20211118131939000,2753755,5.6287e+08,204.401,206.01,206,205.99,205.902,205.901,205.9,205.764,205.759,205.75,205.744,206.09,206.1,206.122,206.15,206.2,206.217,206.3,206.351,206.356,206.4,60,280,100,170,100,2070,140,60,230,40,300,130,50,1000,110,10,120,10,190,100,38480,T1
2,123011,118.168,117,116.205,127.88,116.205,118.168,1e+09,0.001,0,0,20211118131939000,1898770,2.3253e+08,122.463,118.168,118.13,118.122,118.1,118.099,118.01,118.002,118.001,118,117.96,118.258,118.276,118.277,118.28,118.3,118.336,118.339,118.42,118.43,118.45,300,80,10,40,310,190,800,210,2850,30,30,80,260,500,10,200,30,30,860,100,22350,T1
2,123013,318.67,316.447,316.448,325.795,316.2,318.67,1e+09,0.001,0,0,20211118131939000,571520,1.83559e+08,321.177,318.675,318.67,318.667,318.662,318.6,318.571,318.55,318.542,318.501,318.5,318.79,318.8,318.9,318.908,318.998,319,319.1,319.223,319.246,319.45,50,10,60,70,120,300,130,50,10,570,20,10,520,220,20,20,120,100,80,70,13218,T1
2,123056,107.3,107.316,107.285,108,107.285,107.3,1e+09,0.001,0,0,20211118131939000,23441,2.52332e+06,107.646,107.3,107.29,107.223,107.202,107.2,107.183,107.133,107.07,107.065,107.05,107.305,107.355,107.464,107.465,107.5,107.605,107.607,107.632,107.7,107.755,30670,30,100,20,10,10,10,10,20,40,20,10,290,120,50,10,200,20,30,10,595,T1
2,123057,142.23,138,139.3,143.7,135.3,142.23,1e+09,0.001,0,0,20211118131939000,1537747,2.15897e+08,140.398,142.189,142.07,142.069,142.065,142.012,142.001,142,141.98,141.959,141.948,142.23,142.3,142.32,142.332,142.333,142.385,142.4,142.48,142.495,142.5,90,210,120,80,80,600,400,10,210,240,30,260,360,200,2140,100,260,20,190,1510,21965,T1
2,123048,135.5,134.8,134.95,138.197,134.32,135.5,1e+09,0.001,0,0,20211118131939000,1845501,2.5139e+08,136.218,135.45,135.444,135.442,135.441,135.439,135.4,135.38,135.375,135.36,135.337,135.5,135.53,135.549,135.55,135.6,135.669,135.671,135.7,135.79,135.8,20,140,90,110,160,320,150,1160,20,30,100,10,30,390,100,20,70,190,310,5940,22318,T1
2,123071,205.24,183.065,186,218.454,182.123,205.24,1e+09,0.001,0,0,20211118131939000,22270377,4.62092e+09,207.492,205.112,205.111,205.11,205.1,205.001,205,204.94,204.935,204.905,204.9,205.24,205.303,205.379,205.381,205.4,205.43,205.45,205.5,205.502,205.51,20,130,130,10,110,870,10,110,100,150,280,920,150,140,610,10,60,759,70,10,265170,T1
2,123081,160.012,171.203,169.9,177,155.97,160.012,1e+09,0.001,0,0,20211118131939000,4089181,6.71563e+08,164.229,160.012,160.011,160.004,160,159.98,159.801,159.77,159.7,159.635,159.616,160.087,160.1,160.115,160.16,160.19,160.204,160.205,160.206,160.256,160.28,90,120,20,4660,20,330,30,100,260,30,10,30,50,10,50,120,7410,150,90,80,50482,T1
2,123083,241,233.999,236,243.155,235.195,241,1e+09,0.001,0,0,20211118131939000,743904,1.78013e+08,239.296,240.851,240.843,240.602,240.6,240.527,240.341,240.32,240.096,240,239.732,241.003,241.05,241.2,241.264,241.3,241.536,241.621,241.854,241.861,241.879,30,20,90,60,50,40,20,40,40,20,210,20,470,40,130,210,40,100,220,30,13736,T1
2,123103,165.827,168.6,169,169.6,165.208,165.827,1e+09,0.001,0,0,20211118131939000,271866,4.55549e+07,167.564,165.827,165.708,165.691,165.686,165.643,165.64,165.638,165.6,165.501,165.5,165.981,165.998,165.999,166,166.002,166.05,166.2,166.3,166.4,166.48,10,100,230,20,110,110,70,140,30,5480,150,220,100,500,180,30,260,50,10,10,5249,T1
2,123121,137.87,130.01,130.6,149.78,130.001,137.87,1e+09,0.001,0,0,20211118131939000,10526326,1.49222e+09,141.76,137.865,137.855,137.85,137.845,137.84,137.838,137.795,137.779,137.776,137.766,137.93,137.994,137.995,137.999,138,138.03,138.1,138.12,138.2,138.435,230,80,1910,210,90,1020,30,80,140,20,10,40,30,60,2250,30,30,100,320,10,117110,T1
2,123087,134.24,136.5,136.5,137.148,132.913,134.24,1e+09,0.001,0,0,20211118131939000,975875,1.31209e+08,134.453,134.196,134.194,134.193,134.19,134.074,134.058,134.01,134.006,134,133.98,134.24,134.286,134.287,134.29,134.327,134.33,134.332,134.333,134.35,134.38,60,560,130,30,60,20,10,80,27390,10,50,40,530,130,10,50,920,290,20,100,14962,T1
2,123102,263.835,247.695,245,268.888,240.731,263.835,1e+09,0.001,0,0,20211118131939000,3126168,8.04175e+08,257.24,263.835,263.808,263.803,263.651,263.636,263.615,263.584,263.552,263.389,263.38,264.506,264.507,264.508,264.534,264.535,264.538,264.543,264.55,264.6,264.68,10,30,10,460,420,50,420,200,370,410,50,50,240,560,90,160,230,50,30,10,44624,T1
2,123113,118.11,117.81,118.038,118.398,117.55,118.11,1e+09,0.001,0,0,20211118131939000,78890,9.3069e+06,117.973,118.144,118.13,118.129,118.11,118,117.994,117.96,117.956,117.95,117.93,118.233,118.25,118.3,118.32,118.36,118.38,118.399,118.4,118.45,118.499,120,1000,470,1380,80,10,500,20,30,20,50,30,50,200,20,1000,110,660,120,100,1560,T1
2,127019,104.525,103.46,103.49,104.99,103.462,104.525,1e+09,0.001,0,0,20211118131939000,490741,5.11157e+07,104.16,104.525,104.511,104.5,104.49,104.47,104.46,104.45,104.444,104.431,104.43,104.558,104.63,104.65,104.66,104.662,104.67,104.68,104.688,104.69,104.694,20,110,20,10,10,270,20,10,10,10,50,140,20,110,10,20,100,10,10,200,8860,T1
2,123116,128.05,130.8,130.001,132.2,127.7,128.05,1e+09,0.001,0,0,20211118131939000,487670,6.32126e+07,129.622,127.975,127.965,127.96,127.922,127.91,127.901,127.9,127.85,127.82,127.801,128.05,128.079,128.098,128.099,128.1,128.19,128.2,128.21,128.22,128.25,40,90,90,320,210,10,80,10,10,10,20,10,110,210,830,10,80,410,10,10,8840,T1
2,123118,117.604,117.785,117.699,118.285,116.629,117.604,1e+09,0.001,0,0,20211118131939000,43598,5.11305e+06,117.277,117.562,117.561,117.554,117.504,117.473,117.44,117.398,117.392,117.372,117.345,117.76,117.822,118.198,118.226,118.25,118.268,118.285,118.3,118.307,118.345,10,180,70,500,20,10,10,100,20,10,70,20,10,60,250,950,500,1110,100,10,806,T1
2,123120,190.919,186.701,188.6,200.766,184.5,190.919,1e+09,0.001,0,0,20211118131939000,1870418,3.61633e+08,193.343,190.809,190.79,190.731,190.7,190.639,190.636,190.634,190.632,190.63,190.612,190.98,191,191.017,191.2,191.26,191.3,191.302,191.398,191.4,191.49,30,40,90,10,10,50,170,80,10,330,10,120,50,270,50,60,340,10,90,20,30726,T1
2,123110,122.01,122.68,122.999,123.58,121.921,122.01,1e+09,0.001,0,0,20211118131939000,255580,3.13514e+07,122.668,121.974,121.964,121.962,121.951,121.95,121.924,121.922,121.919,121.9,121.88,122.02,122.098,122.099,122.1,122.12,122.16,122.18,122.199,122.2,122.3,10,10,100,10,510,100,120,10,160,20,10,190,390,450,10,270,70,100,30,160,5409,T1
2,123114,186.123,184,183.9,187.499,182,186.123,1e+09,0.001,0,0,20211118131939000,750350,1.38944e+08,185.173,186.15,186.098,186.012,186.01,186.001,186,185.99,185.949,185.8,185.75,186.316,186.322,186.332,186.38,186.4,186.458,186.512,186.521,186.66,186.698,800,20,100,20,30,2130,10,10,110,10,120,70,80,10,20,50,430,70,10,10,14568,T1
2,127037,147.1,151.3,151.3,152.588,145.431,147.1,1e+09,0.001,0,0,20211118131939000,339469,5.03296e+07,148.26,147.1,147.01,147.007,147.004,147.002,147.001,147,146.9,146.8,146.793,147.157,147.25,147.3,147.35,147.379,147.678,147.7,148.1,148.508,148.57,2100,740,130,290,360,440,28120,110,30,110,50,540,200,20,80,30,270,150,10,130,4201,T1
2,127028,118.274,116.85,116.85,118.6,116.325,118.274,1e+09,0.001,0,0,20211118131939000,79829,9.39304e+06,117.664,118.21,118.201,118.2,118.147,118.1,118.052,118,117.81,117.8,117.72,118.274,118.294,118.295,118.3,118.358,118.38,118.4,118.49,118.499,118.5,20,140,460,30,210,100,6663,20,2450,130,290,100,230,10,20,50,10,20,60,50,1628,T1
2,127020,120.579,120.098,120.35,120.757,119.86,120.579,1e+09,0.001,0,0,20211118131939000,182378,2.19486e+07,120.346,120.552,120.55,120.5,120.44,120.428,120.405,120.4,120.365,120.36,120.32,120.6,120.63,120.644,120.65,120.66,120.666,120.68,120.69,120.7,120.711,110,1080,30,5400,20,20,830,100,10,10,20,10,10,10,20,100,100,50,170,110,2548,T1
2,127036,138.365,139.592,139.592,140.513,137.499,138.365,1e+09,0.001,0,0,20211118131939000,120519,1.67034e+07,138.596,138.365,138.275,138.273,138,137.89,137.88,137.81,137.78,137.763,137.7,138.549,138.55,138.746,138.75,138.783,138.8,138.898,138.899,138.9,138.94,4400,10,10,40,10,180,500,10,40,50,60,1320,10,300,300,50,10,50,210,30,2220,T1
2,127042,125.11,125,125.222,125.7,124.601,125.11,1e+09,0.001,0,0,20211118131939000,78084,9.76793e+06,125.095,125.121,125.109,125.107,125.105,125.103,125.102,125.001,125,124.965,124.95,125.193,125.194,125.198,125.199,125.2,125.205,125.242,125.249,125.25,125.251,440,80,140,280,70,200,150,350,100,20,110,50,110,273,22,10,10,10,310,40,1804,T1
2,128062,95.2,95.408,95.488,95.8,94.97,95.2,1e+09,0.001,0,0,20211118131939000,139204,1.32619e+07,95.2694,95.19,95.167,95.163,95.161,95.16,95.159,95.155,95.15,95.141,95.14,95.2,95.225,95.228,95.23,95.24,95.245,95.248,95.25,95.251,95.256,750,10,20,40,320,840,500,10,80,690,120,20,20,140,10,260,20,20,10,50,2883,T1
2,128074,119.073,119.252,119.001,120.456,118.611,119.073,1e+09,0.001,0,0,20211118131939000,350438,4.18632e+07,119.46,118.921,118.92,118.9,118.888,118.85,118.82,118.8,118.75,118.723,118.72,119.067,119.1,119.117,119.12,119.13,119.139,119.14,119.15,119.186,119.19,30,10,10,300,20,500,100,130,120,240,160,200,330,160,100,10,10,30,180,100,6333,T1
2,127035,125.1,122.66,122.7,136.987,122.66,125.1,1e+09,0.001,0,0,20211118131939000,617504,7.913e+07,128.145,125.02,125,124.969,124.9,124.8,124.729,124.71,124.706,124.704,124.7,125.15,125.2,125.274,125.5,125.507,125.51,125.6,125.605,125.63,125.79,50,20,50,20,20,90,40,30,2070,20,40,10,80,8100,10,10,200,10,310,120,7392,T1
2,127038,184.578,185.6,185.7,186.89,182.75,184.578,1e+09,0.001,0,0,20211118131939000,211457,3.89537e+07,184.216,184.579,184.578,184.559,184.535,184.516,184.468,184.45,184.444,184.4,184.315,184.75,184.806,184.807,184.9,184.91,184.976,184.98,184.998,184.999,185,100,170,50,30,100,290,10,200,890,60,10,110,10,230,10,120,40,30,620,1040,4922,T1
2,127040,143.09,142.8,143,143.4,141.7,143.09,1e+09,0.001,0,0,20211118131939000,707958,1.00862e+08,142.469,142.934,142.93,142.928,142.927,142.911,142.91,142.906,142.904,142.902,142.901,143.074,143.088,143.09,143.092,143.093,143.098,143.1,143.11,143.12,143.15,100,110,10,100,470,60,50,40,110,290,280,240,730,50,140,80,1180,60,20,110,10924,T1
2,127044,121.585,122.529,122.125,122.858,121.242,121.585,1e+09,0.001,0,0,20211118131939000,31073,3.79034e+06,121.982,121.609,121.585,121.56,121.543,121.53,121.502,121.5,121.46,121.4,121.393,121.731,121.732,121.759,121.8,121.815,121.824,121.876,121.879,121.888,121.93,10,629,30,360,10,50,20,20,100,20,90,10,110,80,10,50,50,56,120,10,804,T1
2,128039,115.757,115.84,115.65,115.977,115,115.757,1e+09,0.001,0,0,20211118131939000,25799,2.98077e+06,115.538,115.6,115.596,115.444,115.361,115.36,115.25,115.238,115.231,115.23,115.21,115.757,115.767,115.778,115.8,115.888,115.9,115.925,115.947,115.96,115.969,280,2270,160,10,30,20,150,130,50,70,20,10,10,130,100,10,10,20,100,100,559,T1
2,128033,128.048,128.249,128.39,128.773,127.301,128.048,1e+09,0.001,0,0,20211118131939000,630320,8.06732e+07,127.988,128,127.999,127.94,127.913,127.908,127.881,127.88,127.85,127.83,127.829,128.048,128.05,128.06,128.09,128.098,128.099,128.1,128.12,128.15,128.2,160,650,20,180,20,100,570,1010,1000,20,410,210,100,10,300,100,700,70,70,300,9825,T1
2,128036,122.016,122.61,122.61,122.74,121.932,122.016,1e+09,0.001,0,0,20211118131939000,44360,5.42377e+06,122.267,122.018,122.016,122.015,122.005,122.004,122,121.957,121.952,121.95,121.947,122.111,122.14,122.195,122.199,122.2,122.28,122.281,122.282,122.29,122.35,20,310,100,10,1550,80,10,100,20,50,90,10,160,150,260,750,200,460,10,10,865,T1
2,128048,120.88,120.77,120.761,121.54,120.508,120.88,1e+09,0.001,0,0,20211118131939000,351705,4.25517e+07,120.987,120.88,120.8,120.785,120.751,120.7,120.68,120.666,120.621,120.62,120.618,120.9,120.935,120.959,120.96,120.99,121.01,121.05,121.067,121.074,121.1,943,210,30,320,60,90,200,400,500,120,20140,600,690,8770,20000,30000,19940,990,180,70,3429,T1
2,128049,108.866,108.63,108.63,109.148,108.63,108.866,1e+09,0.001,0,0,20211118131939000,8760,953777,108.879,108.866,108.861,108.856,108.855,108.781,108.706,108.631,108.63,108.52,108.201,108.882,108.887,108.888,108.89,108.897,108.898,108.987,108.988,109,109.059,40,40,10,10,10,310,10,70,100,50,50,60,740,1410,10,10,20,100,1170,20,253,T1
2,128069,108.4,108.66,108.702,108.85,108.122,108.4,1e+09,0.001,0,0,20211118131939000,17851,1.93551e+06,108.426,108.3,108.28,108.27,108.26,108.25,108.221,108.22,108.151,108.15,108.13,108.4,108.428,108.429,108.43,108.438,108.45,108.5,108.528,108.53,108.55,500,40,10,20,110,210,20,50,300,310,80,10,660,3500,500,310,70,40,40,570,635,T1
2,128017,232.5,224.1,224.784,235,224.037,232.5,1e+09,0.001,0,0,20211118131939000,488697,1.12883e+08,230.988,232.112,232.11,232.108,232.105,232.104,232.08,232.064,232,231.6,231.56,232.5,232.61,232.638,232.698,232.7,232.791,232.88,232.9,232.944,233,40,120,800,370,30,100,160,700,200,50,30,10,100,70,600,50,180,40,100,1030,9685,T1
2,128041,288.37,287,286.398,291.5,286.398,288.37,1e+09,0.001,0,0,20211118131939000,583120,1.68607e+08,289.147,288.072,288.07,288.069,288.05,288.02,287.889,287.888,287.607,287.605,287.6,288.37,288.399,288.4,288.484,288.486,288.488,288.491,288.492,288.493,288.499,100,110,80,40,50,70,370,2250,20,10,480,540,40,100,10,1100,30,510,260,400,11352,T1
2,128081,132.082,133.1,132.65,134.473,131.173,132.082,1e+09,0.001,0,0,20211118131939000,204733,2.71788e+07,132.753,132.082,132.081,132,131.8,131.566,131.5,131.469,131.36,131.28,131.173,132.241,132.324,132.351,132.38,132.4,132.41,132.5,132.53,132.558,132.567,170,10,8080,10,30,50,10,1600,100,180,310,50,310,150,10,2000,1060,20,40,700,3709,T1
2,128107,116.486,116.467,116.467,117.15,116.03,116.486,1e+09,0.001,0,0,20211118131939000,64940,7.56506e+06,116.493,116.485,116.455,116.45,116.401,116.386,116.35,116.32,116.277,116.212,116.2,116.555,116.556,116.559,116.571,116.572,116.622,116.7,116.75,116.883,116.884,450,490,10,20,500,2620,10,3030,100,20,210,700,180,180,160,10,10,30,30,30,1173,T1
2,128057,138.35,137.957,137.957,140.456,136.033,138.35,1e+09,0.001,0,0,20211118131939000,443142,6.09783e+07,137.604,138.275,138.27,138.159,138.154,138.152,138.123,138.102,138.095,138.047,138.033,138.35,138.356,138.494,138.496,138.499,138.5,138.682,138.69,138.7,138.75,50,420,130,80,270,110,10,90,50,90,20,460,50,140,100,220,60,120,30,10,6182,T1
2,128123,107.999,107.626,107.99,108.241,107.802,107.999,1e+09,0.001,0,0,20211118131939000,13953,1.50743e+06,108.036,107.905,107.9,107.889,107.811,107.81,107.802,107.801,107.8,107.755,107.7,107.999,108,108.06,108.149,108.15,108.177,108.18,108.185,108.189,108.19,60,60,10,10,100,100,120,40,50,20,20,730,30,20,160,10,30,10,800,200,371,T1
2,128075,125.252,126.128,126.686,126.686,125.08,125.252,1e+09,0.001,0,0,20211118131939000,24260,3.0512e+06,125.771,125.188,125.187,125.186,125.185,125.15,125.122,125.05,125.04,125.001,125,125.405,125.55,125.7,125.999,126,126.295,126.35,126.5,126.54,126.6,40,340,320,10,30,60,10,90,120,220,350,30,760,300,250,20,150,260,200,30,547,T1
2,128101,176,175.266,175.23,178,171.6,176,1e+09,0.001,0,0,20211118131939000,661573,1.15339e+08,174.34,176.002,176,175.871,175.87,175.802,175.8,175.711,175.66,175.6,175.568,176.141,176.146,176.15,176.155,176.185,176.2,176.249,176.253,176.256,176.34,100,6410,100,10,1590,21,110,10,170,1580,50,307,10,10,14,50,190,30,14,40,15216,T1
2,128106,129.113,129.78,130.58,133.494,128.399,129.113,1e+09,0.001,0,0,20211118131939000,185300,2.4177e+07,130.475,128.996,128.98,128.978,128.963,128.961,128.959,128.902,128.879,128.852,128.662,129.156,129.158,129.2,129.297,129.3,129.364,129.459,129.5,129.57,129.6,240,60,330,420,20,10,80,1350,90,410,30,30,30,160,200,120,30,4610,10,10,3658,T1
2,128128,177.912,175.6,176.6,179.489,175.45,177.912,1e+09,0.001,0,0,20211118131939000,346925,6.163e+07,177.646,177.883,177.8,177.772,177.771,177.77,177.766,177.764,177.746,177.63,177.597,177.912,177.989,177.99,178.089,178.184,178.19,178.3,178.332,178.333,178.35,50,320,10,170,360,200,30,70,50,140,30,360,10,50,120,30,10,10,200,360,6447,T1
2,128103,176.988,176.501,176.001,177.87,176.001,176.988,1e+09,0.001,0,0,20211118131939000,196670,3.48236e+07,177.066,176.886,176.811,176.765,176.764,176.7,176.671,176.67,176.523,176.52,176.503,176.98,176.988,176.989,176.99,177,177.05,177.07,177.19,177.2,177.226,10,220,190,320,740,10,10,10,110,40,40,70,1650,50,410,30,30,100,30,20,2899,T1
2,128145,136.43,138.62,138.62,138.7,135.5,136.43,1e+09,0.001,0,0,20211118131939000,471407,6.4475e+07,136.771,136.342,136.334,136.333,136.3,136.23,136.22,136.219,136.218,136.201,136.2,136.43,136.444,136.488,136.499,136.56,136.567,136.581,136.6,136.615,136.63,360,60,390,1860,10,10,300,70,100,910,30,160,10,70,460,20,40,70,100,10,7957,T1
2,128130,125.046,124.499,124.2,125.5,124.2,125.046,1e+09,0.001,0,0,20211118131939000,139291,1.74101e+07,124.991,125.048,125.046,125.045,125.017,125.015,125.012,125.001,125,124.9,124.888,125.156,125.157,125.182,125.189,125.193,125.199,125.2,125.269,125.27,125.28,60,540,100,100,1570,10,300,900,730,500,300,250,20,140,90,380,20,20,1000,600,1715,T1
2,128140,160.51,149,149.03,162.99,149.03,160.51,1e+09,0.001,0,0,20211118131939000,2104356,3.34881e+08,159.137,160.5,160.49,160.46,160.45,160.42,160.4,160.35,160.303,160.3,160.29,160.605,160.606,160.679,160.924,160.928,160.931,160.999,161,161.1,161.104,310,444,40,30,380,300,40,10,70,50,110,612,2,160,200,20,100,30,110,100,23787,T1
2,128087,109.778,110,110,110.272,109.6,109.778,1e+09,0.001,0,0,20211118131939000,39011,4.28693e+06,109.89,109.8,109.778,109.776,109.774,109.771,109.77,109.768,109.767,109.766,109.762,109.87,109.871,109.872,109.873,109.878,109.88,109.888,109.976,109.988,109.99,20,269,460,10,40,100,110,370,2100,3130,210,10,450,400,290,20,240,100,100,60,881,T1
2,128093,303.73,301.08,300.11,304.91,298.5,303.73,1e+09,0.001,0,0,20211118131939000,779914,2.35261e+08,301.651,303.73,303.712,303.708,303.7,303.649,303.6,303.55,303.5,303.47,303.436,303.975,303.981,303.983,303.986,303.991,303.992,303.994,304.1,304.14,304.145,40,10,150,20,40,20,170,130,10,40,150,110,30,30,160,30,220,100,50,180,16844,T1
2,128100,103.4,103.4,103.5,103.98,103.108,103.4,1e+09,0.001,0,0,20211118131939000,202475,2.09677e+07,103.557,103.4,103.392,103.371,103.37,103.365,103.358,103.355,103.354,103.352,103.351,103.449,103.45,103.452,103.46,103.469,103.47,103.484,103.485,103.486,103.487,210,150,10,50,50,50,10,150,30,30,510,120,30,30,10,40,10,10,200,10,3697,T1
2,131802,2.4,2.351,2.2,2.469,2.2,2.4,1e+09,0.001,0,0,20211118131939000,3129320,3.12932e+08,100,2.4,2.37,2.365,2.361,2.36,2.35,2.3,2.25,2.21,2.2,2.401,2.402,2.404,2.405,2.406,2.408,2.409,2.41,2.411,2.417,24320,82730,7550,87910,408110,88410,92370,500000,10000,300000,3730,990,2100,910,870,1620,770,3350,1000,200,3557,T1
2,128122,133.69,133.53,133.77,134.1,131.9,133.69,1e+09,0.001,0,0,20211118131939000,46319,6.16418e+06,133.081,133.603,133.585,133.566,133.519,133.5,133.455,133.45,133.442,133.433,133.35,133.73,133.843,133.851,133.9,133.961,133.967,133.976,134,134.055,134.238,50,20,90,10,10,10,1320,10,10,1540,170,220,90,50,420,10,10,40,10,10,1133,T1
2,131810,2.331,2.65,2.21,2.372,2.21,2.331,1e+09,0.001,0,0,20211118131939000,281560840,2.81561e+10,100,2.331,2.33,2.329,2.328,2.321,2.315,2.301,2.3,2.299,2.295,2.333,2.334,2.335,2.336,2.337,2.338,2.339,2.34,2.341,2.342,573840,579320,1210,75550,320,12800,2560,100000,1900000,2560,95870,320,17050,10700,10960,5500,60100,468110,36740,12990,375338,T1
2,180201,12.998,13.018,13.018,13.018,12.992,12.998,14.32,11.716,0,0,20211118131939000,880889,1.14532e+07,13.0019,12.996,12.995,12.994,12.993,12.992,12.991,12.99,12.989,12.987,12.986,12.998,12.999,13,13.001,13.002,13.003,13.004,13.006,13.007,13.008,1000,200,20200,11000,600,1300,27700,100,10000,11200,100,4000,716,1708,8,18800,10000,2108,15108,10208,644,T1
2,160127,0.931,0.939,0.931,0.938,0.93,0.931,1.033,0.845,0,0,20211118131939000,67574,62993.3,0.932212,0.931,0.93,0.929,0.924,0.921,0.92,0.911,0.91,0.907,0.9,0.936,0.937,0.938,0.939,0.948,0.949,0.951,0.952,0.957,0.958,3000,3026,1600,4400,4300,33100,600,11000,3300,3300,2986,9300,4900,2900,18842,600,10000,4900,2000,9700,17,T1
2,160719,0.893,0.887,0.893,0.894,0.891,0.893,0.976,0.798,0,0,20211118131939000,10800,9628.1,0.891491,0.891,0.89,0.889,0.888,0.882,0.881,0.86,0.858,0.846,0.811,0.894,0.895,0.896,0.897,0.899,0.9,0.907,0.908,0.972,0,1200,1000,31800,114000,700,100,13000,100,2400,100000,1300,2300,13000,6912,20000,1100,7500,30700,3000,0,11,T1
2,160421,2.945,2.94,2.911,2.977,2.9,2.945,3.234,2.646,0,0,20211118131939000,141669,416367,2.93901,2.946,2.945,2.93,2.906,2.905,2.902,2.9,2.898,2.89,2.888,2.977,2.979,2.98,2.996,2.998,3,3.07,3.081,3.134,3.2,2000,7100,2000,1400,1000,2000,3100,400,20000,1500,18500,327,500,700,1000,400,2500,300,73800,1500,43,T1
2,161132,1.95,1.969,1.968,1.968,1.93,1.95,2.166,1.772,0,0,20211118131939000,9509,18407,1.93575,1.95,1.949,1.936,1.935,1.93,1.902,1.901,1.881,1.88,1.878,1.968,1.969,1.97,1.978,1.997,1.998,2.012,2.032,2.15,0,10000,29891,13300,20000,8000,3000,6000,1700,600,1100,300,2500,5000,100,2300,3000,4000,400,3300,0,6,T1
2,163210,1.105,1.104,1.103,1.105,1.103,1.105,1.214,0.994,0,0,20211118131939000,43946,48519.8,1.10408,1.103,1.102,1.101,1.1,1.08,1.067,1.053,1.04,1.01,0,1.105,1.106,1.107,1.108,1.109,1.13,1.138,1.16,1.167,1.183,118954,64900,110000,123700,900,100,1900,900,900,0,83856,20000,15000,56400,373826,900,700,900,700,700,6,T1
2,166025,1.165,1.169,1.166,1.166,1.158,1.165,1.286,1.052,0,0,20211118131939000,204500,237469,1.16122,1.16,1.159,1.158,1.156,1.155,1.153,1.151,1.15,1.147,1.146,1.165,1.166,1.168,1.17,1.171,1.173,1.175,1.176,1.178,1.186,28900,6600,65500,2400,10000,1000,11000,1500,400,3400,14900,33201,2000,100,7200,10000,3700,300,2000,300,21,T1
2,000009,17.73,17.58,17.33,17.94,17.03,17.73,19.34,15.82,0,0,20211118131939000,78913767,1.3688e+09,17.3455,17.74,17.73,17.72,17.71,17.7,17.69,17.68,17.67,17.66,17.65,17.75,17.76,17.77,17.78,17.79,17.8,17.81,17.82,17.83,17.84,300,56900,57200,105700,172100,14600,101300,6500,60200,122700,118900,11200,5900,6900,140421,179700,18600,17500,10800,6200,89411,T1
2,161729,2.137,2.127,2.092,2.14,2.092,2.137,2.34,1.914,0,0,20211118131939000,19806,41949.6,2.11802,2.116,2.115,2.111,2.106,2.103,2.1,2.099,2.098,2.093,2.09,2.137,2.138,2.156,2.17,2.184,2.195,2.24,2.323,0,0,1200,2694,3000,2000,2600,500,100,14500,900,900,8400,28018,4000,4600,1100,2400,4600,3100,0,0,11,T1
2,161903,2.11,2.125,2.125,2.125,2.101,2.11,2.338,1.913,0,0,20211118131939000,2853766,6.02676e+06,2.11186,2.11,2.109,2.108,2.107,2.106,2.105,2.104,2.103,2.102,2.101,2.111,2.112,2.113,2.114,2.115,2.116,2.117,2.118,2.119,2.12,32000,14700,46300,9200,213600,34000,2000,46200,25800,71334,27800,130700,21600,54200,18400,35000,20000,22300,6200,8800,877,T1
2,161831,0.756,0.768,0.763,0.763,0.751,0.756,0.845,0.691,0,0,20211118131939000,45898,34705.4,0.756142,0.754,0.753,0.752,0.751,0.75,0.745,0.736,0.734,0.733,0.725,0.757,0.758,0.76,0.761,0.763,0.764,0.765,0.766,0.768,0.769,15100,31100,100,3000,2100,600,100,132000,2800,1000,4100,10700,10200,253500,2091,12700,15000,34300,274,11000,21,T1
2,000008,2.15,2.16,2.16,2.17,2.14,2.15,2.38,1.94,0,0,20211118131939000,6492560,1.39788e+07,2.15305,2.15,2.14,2.13,2.12,2.11,2.1,2.09,2.08,2.07,2.06,2.16,2.17,2.18,2.19,2.2,2.21,2.22,2.23,2.24,2.25,942300,1755340,654700,460100,100000,155200,63000,34100,2000,36500,2703880,1225763,750000,654543,511400,469700,410900,256900,225900,152100,3959,T1
2,162416,1,0.991,1.018,1.018,0.977,1,1.09,0.892,0,0,20211118131939000,2000,2017.4,1.0087,0.98,0.979,0.978,0.977,0.975,0.973,0.972,0.971,0.962,0.952,1,1.001,1.003,1.005,1.009,1.013,1.014,1.017,1.018,1.019,5900,500,1000,400,600,200,1300,3700,1000,1000,4600,4900,20452,3000,400,400,4800,1600,9473,800,6,T1
2,000031,3.37,3.41,3.39,3.42,3.36,3.37,3.75,3.07,0,0,20211118131939000,4826234,1.62861e+07,3.37449,3.36,3.35,3.34,3.33,3.32,3.31,3.3,3.29,3.28,3.27,3.37,3.38,3.39,3.4,3.41,3.42,3.43,3.44,3.45,3.46,535902,625800,324100,168400,106100,28100,69300,5800,26300,4500,262300,193932,67300,94500,122400,109500,102300,197700,120500,104500,5843,T1
2,000034,15.69,15.97,15.96,16,15.68,15.69,17.57,14.37,0,0,20211118131939000,3117400,4.92418e+07,15.7958,15.68,15.67,15.66,15.65,15.64,15.63,15.62,15.61,15.6,15.59,15.69,15.7,15.71,15.72,15.73,15.74,15.75,15.76,15.77,15.78,23800,12400,37500,22200,4400,19800,46000,7800,32500,3500,5300,27500,1900,3200,1300,4600,26600,1200,600,2300,5526,T1
2,167003,0,1.095,0,0,0,0,1.205,0.986,0,0,20211118131939000,0,0,0,1.096,1.095,1.094,1.091,1.073,1.072,1.067,1.057,1.047,1.037,1.113,1.114,1.115,1.152,1.154,1.17,1.185,1.2,0,0,2000,7700,5100,500,5000,6000,600,600,600,600,393,2000,500,1215,600,600,500,800,0,0,0,T1
2,166402,0,0.951,0,0,0,0,1.046,0.856,0,0,20211118131939000,0,0,0,0.932,0.912,0.91,0.901,0.9,0.899,0.889,0.879,0.869,0.861,0.975,0.976,0.98,0.987,1.022,1.024,1.03,1.04,1.046,0,1000,6000,2000,700,2300,1000,1000,1000,1000,1000,3901,2000,1000,30000,1000,1500,1000,1000,5100,0,0,T1
2,000005,2.15,2.18,2.17,2.18,2.15,2.15,2.29,2.07,0,0,20211118131939000,4527800,9.79078e+06,2.16237,2.15,2.14,2.13,2.12,2.11,2.1,2.09,2.08,2.07,0,2.16,2.17,2.18,2.19,2.2,2.21,2.22,2.23,2.24,2.25,314100,457900,351700,136000,111700,174600,135200,22600,142500,0,174407,463400,612000,218200,392500,215500,102600,98600,132600,252000,818,T1
2,000021,15.57,15.55,15.54,15.85,15.49,15.57,17.11,14,0,0,20211118131939000,9917849,1.55421e+08,15.6709,15.56,15.55,15.54,15.53,15.52,15.51,15.5,15.49,15.48,15.47,15.57,15.58,15.59,15.6,15.61,15.62,15.63,15.64,15.65,15.66,17500,45500,86239,16600,32600,66700,232100,52600,14700,2800,5500,1500,2300,12300,22100,1300,2800,3700,59100,5900,14209,T1
2,000004,18.61,19.24,19.1,19.26,18.55,18.61,21.16,17.32,0,0,20211118131939000,4297866,8.10148e+07,18.85,18.61,18.6,18.59,18.58,18.57,18.56,18.55,18.54,18.53,18.52,18.62,18.64,18.65,18.67,18.68,18.69,18.7,18.72,18.75,18.76,3700,25900,1400,16300,8500,19700,9100,2400,1100,3100,4000,300,100,1600,700,1400,1300,2100,1700,1500,8469,T1
2,000017,3.74,3.75,3.78,3.83,3.69,3.74,4.13,3.38,0,0,20211118131939000,4882614,1.82894e+07,3.74582,3.73,3.72,3.71,3.7,3.69,3.68,3.67,3.66,3.65,3.64,3.74,3.75,3.76,3.77,3.78,3.79,3.8,3.81,3.82,3.83,30500,32100,36600,65600,16300,22100,7900,12300,73500,18000,60100,17100,76500,20500,40500,60100,681700,5500,60800,136100,3052,T1
2,000099,7.88,7.56,7.56,7.9,7.48,7.88,8.32,6.8,0,0,20211118131939000,10896811,8.40117e+07,7.70976,7.88,7.86,7.85,7.84,7.83,7.82,7.81,7.8,7.79,7.78,7.89,7.9,7.91,7.92,7.93,7.94,7.95,7.96,7.97,7.98,2600,1800,32000,23500,75100,7500,89300,44300,14900,1500,104100,178500,4800,26600,8800,129300,110300,55600,39100,274600,8216,T1
2,000032,18.31,18.22,18.23,18.44,18.1,18.31,20.04,16.4,0,0,20211118131939000,594220,1.08497e+07,18.2587,18.3,18.29,18.28,18.25,18.24,18.23,18.22,18.21,18.2,18.19,18.31,18.32,18.33,18.35,18.36,18.37,18.38,18.39,18.4,18.41,1880,1000,1600,5500,1500,5900,2400,12200,12200,600,400,9200,3300,21300,500,2300,18300,2600,7500,500,1088,T1
2,000046,1.75,1.77,1.77,1.77,1.74,1.75,1.95,1.59,0,0,20211118131939000,14017534,2.46136e+07,1.75592,1.75,1.74,1.73,1.72,1.71,1.7,1.69,1.68,1.67,1.66,1.76,1.77,1.78,1.79,1.8,1.81,1.82,1.83,1.84,1.85,761500,2076200,710600,664200,522000,525600,346700,149500,50100,17900,1478800,1186300,1054500,1036300,1140100,793700,253900,261600,587700,351000,5428,T1
2,000056,4.46,4.47,4.43,4.57,4.35,4.46,4.92,4.02,0,0,20211118131939000,14141400,6.27991e+07,4.4408,4.45,4.44,4.43,4.42,4.41,4.4,4.39,4.38,4.37,4.36,4.46,4.47,4.48,4.49,4.5,4.51,4.52,4.53,4.54,4.55,28800,54000,50000,16100,51900,114100,44000,68200,34200,71800,4300,56000,10400,7000,58000,139600,18000,45400,46800,46000,8713,T1
2,000055,4.93,5,5,5.03,4.92,4.93,5.5,4.5,0,0,20211118131939000,10560901,5.25879e+07,4.97949,4.92,4.91,4.9,4.89,4.88,4.87,4.86,4.85,4.84,4.83,4.93,4.94,4.95,4.96,4.97,4.98,4.99,5,5.01,5.02,245100,142500,241600,25400,147800,7000,79200,36500,2200,16600,351,40500,37200,83600,24600,47450,50100,145700,127750,145900,7147,T1
2,000049,45.42,43.38,43.39,45.68,42.36,45.42,47.72,39.04,0,0,20211118131939000,20575916,9.15738e+08,44.5053,45.42,45.41,45.4,45.39,45.38,45.36,45.35,45.34,45.33,45.32,45.43,45.44,45.45,45.46,45.47,45.48,45.49,45.5,45.53,45.54,901,2700,9100,4200,3000,300,10800,500,2500,3999,4500,1700,13435,19000,1000,1400,1900,18900,9700,4000,52787,T1
2,000062,16.53,16.28,16.3,16.66,16.21,16.53,17.91,14.65,0,0,20211118131939000,3900455,6.4168e+07,16.4514,16.53,16.52,16.51,16.5,16.49,16.48,16.47,16.46,16.45,16.44,16.55,16.56,16.57,16.58,16.59,16.6,16.61,16.62,16.63,16.64,1900,4900,10000,4800,5200,14100,3050,2500,17300,2900,3600,1300,200,1500,5900,64200,2100,16782,13000,6000,7491,T1
2,000063,31.83,32.08,31.88,32.1,31.81,31.83,35.29,28.87,0,0,20211118131939000,18800068,6.00186e+08,31.9247,31.83,31.82,31.81,31.8,31.79,31.78,31.77,31.76,31.75,31.74,31.84,31.85,31.86,31.87,31.88,31.89,31.9,31.91,31.92,31.93,10400,25700,105800,244400,13200,33200,14300,66500,57900,7200,7200,10400,14900,4100,22600,1900,10400,7400,13800,14100,29599,T1
2,000066,13.67,13.61,13.61,13.9,13.61,13.67,14.97,12.25,0,0,20211118131939000,22806850,3.13996e+08,13.7676,13.67,13.66,13.65,13.64,13.63,13.62,13.61,13.6,13.59,13.58,13.68,13.69,13.7,13.71,13.72,13.73,13.74,13.75,13.76,13.77,40800,108700,117200,79200,69300,112400,95100,107200,16800,78400,38800,42200,50800,10900,42200,25500,41600,147042,13600,8600,25074,T1
2,000157,6.88,6.9,6.91,6.91,6.84,6.88,7.59,6.21,0,0,20211118131939000,22258609,1.52773e+08,6.86354,6.87,6.86,6.85,6.84,6.83,6.82,6.81,6.8,6.79,6.78,6.88,6.89,6.9,6.91,6.92,6.93,6.94,6.95,6.96,6.97,83200,602400,977300,1076745,941500,926900,1125400,2115500,137700,372100,345500,312100,485270,465500,273700,343500,361300,580700,387100,404000,12538,T1
2,000410,4.63,4.68,4.67,4.67,4.6,4.63,4.91,4.45,0,0,20211118131939000,2321171,1.07576e+07,4.63455,4.62,4.61,4.6,4.59,4.58,4.57,4.56,4.55,4.54,4.53,4.63,4.64,4.65,4.66,4.67,4.68,4.69,4.7,4.71,4.72,37129,75000,103800,44100,66900,5400,19100,55600,25500,18500,8100,23600,35400,62200,50400,59100,22300,28000,8000,10600,926,T1
2,000070,6.34,6.38,6.4,6.52,6.32,6.34,7.02,5.74,0,0,20211118131939000,5123550,3.27174e+07,6.38569,6.34,6.33,6.32,6.31,6.3,6.29,6.28,6.27,6.26,6.25,6.35,6.36,6.37,6.38,6.39,6.4,6.41,6.42,6.43,6.44,38700,201900,95800,198900,235400,20800,81700,16800,195000,16800,17600,71700,43000,83100,38300,69500,27260,11600,30000,110100,4234,T1
2,000155,28.02,25.47,25.46,28.02,25,28.02,28.02,22.92,0,0,20211118131939000,97582280,2.63912e+09,27.0451,28.02,28.01,28,27.99,27.98,27.97,27.96,27.95,27.94,27.93,0,0,0,0,0,0,0,0,0,0,16354135,80000,121600,6800,9700,16900,26200,38400,11600,22364,0,0,0,0,0,0,0,0,0,0,114518,T1
2,000159,6.34,6.35,6.36,6.55,6.3,6.34,6.99,5.72,0,0,20211118131939000,12562532,8.0974e+07,6.44568,6.34,6.33,6.32,6.31,6.3,6.29,6.28,6.27,6.26,6.25,6.35,6.36,6.37,6.38,6.39,6.4,6.41,6.42,6.43,6.44,2600,13600,69100,56700,207700,5500,61000,11300,12400,91500,27200,10800,9800,900,3400,38800,6000,200,7500,8800,11629,T1
2,000333,70.68,72.11,71.83,71.84,70.51,70.68,79.32,64.9,0,0,20211118131939000,11301267,8.01281e+08,70.9018,70.67,70.66,70.65,70.64,70.63,70.62,70.61,70.6,70.59,70.58,70.68,70.69,70.7,70.71,70.72,70.73,70.75,70.76,70.77,70.78,4700,25200,1700,1400,1100,1500,2600,11100,900,2000,7000,10900,2150,800,3800,1700,4900,10900,10000,20100,37110,T1
2,000156,7.56,7.68,7.63,7.67,7.54,7.56,8.45,6.91,0,0,20211118131939000,6329305,4.80003e+07,7.58383,7.56,7.55,7.54,7.53,7.52,7.51,7.5,7.49,7.48,7.47,7.57,7.58,7.59,7.6,7.61,7.62,7.63,7.65,7.66,7.67,12200,63600,111500,130600,129500,196000,217500,45300,21600,7200,25200,102112,50500,58000,37200,73900,29800,19700,29900,11800,7058,T1
2,000158,6.96,7.04,7.05,7.18,6.95,6.96,7.74,6.34,0,0,20211118131939000,22112118,1.55676e+08,7.04029,6.96,6.95,6.94,6.93,6.92,6.91,6.9,6.89,6.88,6.87,6.97,6.98,6.99,7,7.01,7.02,7.03,7.04,7.05,7.06,31700,561600,101100,177800,137800,295400,311800,23700,169600,23000,126400,37300,41000,42800,18400,27800,32300,81800,117800,78000,21287,T1
2,000338,15.44,15.14,15.36,15.84,15.35,15.44,16.65,13.63,0,0,20211118131939000,73992752,1.15331e+09,15.5868,15.44,15.43,15.42,15.41,15.4,15.39,15.38,15.37,15.36,15.35,15.45,15.46,15.47,15.48,15.49,15.5,15.51,15.52,15.53,15.54,172600,146600,112100,139200,206000,141800,276039,110600,439200,237800,123900,165400,220100,111800,103170,197300,25500,16600,42400,44300,59942,T1
2,000400,22.61,20.55,20.29,22.61,19.97,22.61,22.61,18.5,0,0,20211118131939000,69765607,1.49908e+09,21.4873,22.61,22.6,22.59,22.58,22.57,22.55,22.54,22.5,22.49,22.48,0,0,0,0,0,0,0,0,0,0,13629600,113700,2900,3100,400,2700,1200,3800,48228,7700,0,0,0,0,0,0,0,0,0,0,85643,T1
2,000426,7.44,7.28,7.3,7.46,7.28,7.44,8.01,6.55,0,0,20211118131939000,12224155,8.98467e+07,7.34993,7.43,7.42,7.41,7.4,7.39,7.38,7.37,7.36,7.35,7.34,7.44,7.45,7.46,7.47,7.48,7.49,7.5,7.51,7.52,7.53,147900,115400,180800,87100,50300,104200,322300,41000,42500,89000,36800,370197,353500,112600,143350,163900,259700,29200,28900,76300,7364,T1
2,000488,7.06,7.05,7.06,7.1,7.02,7.06,7.76,6.35,0,0,20211118131939000,10451883,7.37114e+07,7.05246,7.05,7.04,7.03,7.02,7.01,7,6.99,6.98,6.97,6.96,7.06,7.07,7.08,7.09,7.1,7.11,7.12,7.13,7.14,7.15,187900,564200,700000,407600,316900,482000,78300,133800,105300,95700,191100,314600,426000,456700,424900,210700,176400,240900,209500,175000,6773,T1
2,000519,30.75,29.56,29.41,31.03,28.97,30.75,32.52,26.6,0,0,20211118131939000,40359113,1.21602e+09,30.13,30.75,30.73,30.72,30.71,30.7,30.68,30.66,30.65,30.63,30.61,30.76,30.78,30.79,30.8,30.81,30.82,30.83,30.85,30.86,30.88,300,3500,9200,9800,5600,3900,900,10800,700,10900,100,17500,1100,4400,1500,2500,33900,23600,200,2800,72250,T1
2,000408,27.53,26.11,25.95,27.8,25.65,27.53,28.72,23.5,0,0,20211118131939000,16391000,4.35254e+08,26.5545,27.52,27.51,27.5,27.48,27.46,27.45,27.44,27.42,27.41,27.4,27.53,27.54,27.55,27.57,27.58,27.59,27.6,27.61,27.62,27.63,700,10900,60700,2900,1000,200,200,1100,1000,600,800,800,8200,4100,7600,100,22700,100,700,300,32348,T1
2,000411,13.39,13.15,13.16,13.4,13.09,13.39,14.47,11.84,0,0,20211118131939000,2623011,3.47939e+07,13.2649,13.37,13.35,13.34,13.33,13.32,13.31,13.3,13.29,13.28,13.27,13.39,13.4,13.41,13.42,13.43,13.44,13.45,13.46,13.47,13.48,13300,9400,2700,27899,22100,67400,16300,10700,10500,100,200,13600,11200,7100,3400,13200,24900,15700,3200,13700,4434,T1
2,000422,25.92,25.96,25.55,26.41,24.14,25.92,28.56,23.36,0,0,20211118131939000,97494780,2.44334e+09,25.0612,25.9,25.89,25.88,25.87,25.86,25.85,25.84,25.83,25.82,25.81,25.92,25.93,25.95,25.96,25.97,25.98,25.99,26,26.01,26.02,19800,5800,10700,5900,6800,14100,2800,2800,6800,4600,3300,46700,11400,11100,6000,20800,9900,60000,27300,3100,155248,T1
2,000413,2.1,2.09,2.08,2.13,2.07,2.1,2.3,1.88,0,0,20211118131939000,32149000,6.76707e+07,2.10491,2.09,2.08,2.07,2.06,2.05,2.04,2.03,2.02,2.01,2,2.1,2.11,2.12,2.13,2.14,2.15,2.16,2.17,2.18,2.19,3084600,2897300,2273600,1408700,1369800,320400,272500,107000,344800,388600,1643500,3655237,4083400,4300800,2328300,3660800,2153300,2146800,1672500,2713362,7191,T1
2,000428,3.06,3.01,3.04,3.1,3,3.06,3.31,2.71,0,0,20211118131939000,6349045,1.93904e+07,3.05407,3.05,3.04,3.03,3.02,3.01,3,2.99,2.98,2.97,2.96,3.06,3.07,3.08,3.09,3.1,3.11,3.12,3.13,3.14,3.15,169800,61500,112700,112400,74100,139300,32900,49400,43000,16300,26400,162200,335900,85000,209400,65800,163800,72200,194100,274000,6931,T1
2,000416,4.86,4.82,4.76,4.94,4.67,4.86,5.3,4.34,0,0,20211118131939000,15879849,7.59213e+07,4.78098,4.86,4.85,4.84,4.83,4.82,4.81,4.8,4.79,4.78,4.77,4.87,4.88,4.89,4.9,4.91,4.92,4.93,4.94,4.95,4.96,1800,21100,67700,40700,54500,41200,36300,10500,31500,33000,12000,9000,15400,40100,26100,52100,66500,82100,123400,124900,8792,T1
2,000425,6.03,6.06,6.07,6.07,6,6.03,6.67,5.45,0,0,20211118131939000,21150243,1.27299e+08,6.01879,6.02,6.01,6,5.99,5.98,5.97,5.96,5.95,5.94,5.93,6.03,6.04,6.05,6.06,6.07,6.08,6.09,6.1,6.11,6.12,611000,1092200,2357599,758900,1138600,412600,397500,574700,90300,100400,335600,620800,838800,794494,1114700,489000,635394,648100,365000,508600,10050,T1
2,000505,7.22,7.28,7.26,7.32,7.2,7.22,8.01,6.55,0,0,20211118131939000,5084600,3.69215e+07,7.26143,7.21,7.2,7.19,7.18,7.17,7.16,7.15,7.14,7.13,7.12,7.22,7.23,7.24,7.25,7.26,7.27,7.28,7.29,7.3,7.31,60000,158700,29200,91900,46300,76400,108100,26100,26700,13600,16600,15100,14700,11400,45000,12600,40900,31200,96900,41600,7506,T1
2,000521,3.29,3.32,3.31,3.34,3.29,3.29,3.65,2.99,0,0,20211118131939000,5678200,1.87996e+07,3.31084,3.29,3.28,3.27,3.26,3.25,3.24,3.23,3.22,3.21,3.2,3.3,3.31,3.32,3.33,3.34,3.35,3.36,3.37,3.38,3.39,290600,354500,315200,108900,100700,51900,25300,138200,28200,71000,171700,503800,416700,179300,340700,429100,273600,125100,71600,71300,5819,T1
2,000558,3.72,3.84,3.82,3.84,3.71,3.72,4.22,3.46,0,0,20211118131939000,22447780,8.43802e+07,3.75896,3.72,3.71,3.7,3.69,3.68,3.67,3.66,3.65,3.64,3.63,3.73,3.74,3.75,3.76,3.77,3.78,3.79,3.8,3.81,3.82,214200,490620,908100,149200,243800,98800,363600,353800,81000,501000,24900,82200,66300,81300,88500,117600,102300,190300,94400,181350,9541,T1
2,000560,2.98,3,2.96,3,2.95,2.98,3.3,2.7,0,0,20211118131939000,6075350,1.80865e+07,2.97704,2.98,2.97,2.96,2.95,2.94,2.93,2.92,2.91,2.9,2.89,2.99,3,3.01,3.02,3.03,3.04,3.05,3.06,3.07,3.08,194100,521548,761100,733100,275900,171200,308100,127700,261600,29500,383800,457200,130500,215500,197000,214800,524100,263400,151900,203000,2035,T1
2,000523,3.43,3.52,3.48,3.5,3.41,3.43,3.7,3.34,0,0,20211118131939000,4509700,1.55603e+07,3.45041,3.43,3.42,3.41,3.4,3.39,3.38,3.37,3.36,3.35,3.34,3.44,3.45,3.46,3.47,3.48,3.49,3.5,3.51,3.52,3.53,200,41400,135100,115600,38100,30400,8500,56200,234700,257700,33000,28200,22340,48400,40300,27500,24100,8500,31300,10800,1067,T1
2,000533,3.71,3.6,3.6,3.9,3.53,3.71,3.96,3.24,0,0,20211118131939000,71969760,2.68982e+08,3.73743,3.71,3.7,3.69,3.68,3.67,3.66,3.65,3.64,3.63,3.62,3.72,3.73,3.74,3.75,3.76,3.77,3.78,3.79,3.8,3.81,131000,48700,61200,179200,152800,95300,147000,120800,110000,84200,105100,42600,39700,61500,18100,40700,26700,65900,227200,22100,21960,T1
2,000543,3.83,3.75,3.77,3.84,3.75,3.83,4.13,3.38,0,0,20211118131939000,19339581,7.33482e+07,3.79264,3.83,3.82,3.81,3.8,3.79,3.78,3.77,3.76,3.75,3.74,3.84,3.85,3.86,3.87,3.88,3.89,3.9,3.91,3.92,3.93,1041900,553500,285500,984800,593400,290400,299200,298819,743300,200800,718902,455000,207310,246500,199900,206700,194100,36900,138000,179600,5812,T1
2,000547,17.04,17.23,17.06,17.16,16.84,17.04,18.95,15.51,0,0,20211118131939000,19796761,3.3678e+08,17.0119,17.03,17.02,17.01,17,16.99,16.98,16.97,16.96,16.95,16.94,17.05,17.06,17.07,17.08,17.09,17.1,17.11,17.12,17.13,17.14,10500,16500,23500,101010,18700,20700,30800,51400,98200,26600,6800,2000,1800,37400,25800,30300,29500,39000,38100,19500,28687,T1
2,000529,5.87,5.9,5.9,5.9,5.84,5.87,6.49,5.31,0,0,20211118131939000,2397700,1.40711e+07,5.86858,5.87,5.86,5.85,5.84,5.83,5.82,5.81,5.8,5.79,5.78,5.88,5.89,5.9,5.91,5.92,5.93,5.94,5.95,5.96,5.97,31300,69600,158700,129600,125000,94100,90600,115900,7300,19700,4900,18500,49400,46800,96800,31700,21500,7500,15600,32000,3457,T1
2,000570,5.88,5.86,5.87,5.97,5.85,5.88,6.45,5.27,0,0,20211118131939000,3720950,2.19791e+07,5.90685,5.88,5.87,5.86,5.85,5.84,5.83,5.82,5.81,5.8,5.79,5.89,5.9,5.91,5.92,5.93,5.94,5.95,5.96,5.97,5.98,71600,59600,51100,47700,16700,36100,50500,12300,69300,18300,12200,31600,15100,10900,10100,19300,31600,87100,100400,119300,4343,T1
2,000537,17.44,18.15,18.21,18.87,17.3,17.44,19.97,16.34,0,0,20211118131939000,27505842,4.94282e+08,17.9701,17.44,17.43,17.42,17.41,17.4,17.39,17.38,17.37,17.36,17.35,17.45,17.46,17.48,17.49,17.5,17.53,17.54,17.55,17.57,17.6,100,300,1500,36800,4800,800,9500,500,1300,6100,2400,1800,21900,8100,1490,600,22300,2769,300,300,38290,T1
2,000576,12.52,12.43,12.51,12.54,12.21,12.52,13.67,11.19,0,0,20211118131939000,6053210,7.48646e+07,12.3678,12.52,12.51,12.5,12.49,12.48,12.47,12.46,12.45,12.44,12.43,12.54,12.55,12.56,12.57,12.58,12.59,12.6,12.61,12.62,12.63,77500,6500,11400,7200,12800,21400,7500,52700,27400,2300,15000,41000,56900,12100,14500,66200,59000,4900,8800,7100,10295,T1
2,000546,14.04,12.76,12.73,14.04,12.08,14.04,14.04,11.48,0,0,20211118131939000,65000481,8.49139e+08,13.0636,14.04,14.03,14.02,14.01,14,13.99,13.98,13.97,13.96,13.95,0,0,0,0,0,0,0,0,0,0,6201800,9300,68600,85000,16100,10900,12600,82800,88800,93400,0,0,0,0,0,0,0,0,0,0,61784,T1
2,000552,2.92,2.88,2.9,2.95,2.9,2.92,3.17,2.59,0,0,20211118131939000,32648431,9.55947e+07,2.928,2.92,2.91,2.9,2.89,2.88,2.87,2.86,2.85,2.84,2.83,2.93,2.94,2.95,2.96,2.97,2.98,2.99,3,3.01,3.02,1231500,2215651,1110900,1085700,1100300,442400,361800,485400,158900,88100,177000,1304100,1448514,1054800,787200,709400,647800,628319,468900,354300,11145,T1
2,000559,6.21,6.3,6.28,6.32,6.2,6.21,6.93,5.67,0,0,20211118131939000,13190145,8.22027e+07,6.23213,6.21,6.2,6.19,6.18,6.17,6.16,6.15,6.14,6.13,6.12,6.22,6.23,6.24,6.25,6.26,6.27,6.28,6.29,6.3,6.31,79900,435100,134300,314100,323300,119100,317500,92900,118900,72300,48500,99100,40700,51600,59700,67200,96800,65100,208400,138800,18570,T1
2,000561,7.74,7.65,7.62,7.78,7.6,7.74,8.42,6.89,0,0,20211118131939000,5100878,3.93076e+07,7.70605,7.73,7.72,7.71,7.7,7.69,7.68,7.67,7.66,7.65,7.64,7.74,7.75,7.76,7.77,7.78,7.79,7.8,7.81,7.82,7.83,12800,28500,28300,129800,89800,112700,56500,62000,71000,59400,2000,26200,19400,55300,70000,73900,169822,49800,61100,38500,5531,T1
2,000567,17.56,19.51,19.47,19.53,17.56,17.56,21.46,17.56,0,0,20211118131939000,8520452,1.55786e+08,18.2838,0,0,0,0,0,0,0,0,0,0,17.56,17.57,17.58,17.59,17.6,17.61,17.62,17.63,17.64,17.67,0,0,0,0,0,0,0,0,0,0,4496645,100,34800,6900,52100,2800,25900,3000,100,25500,11740,T1
2,000585,1.97,1.88,1.88,1.97,1.86,1.97,1.97,1.79,0,0,20211118131939000,9228343,1.78794e+07,1.93744,1.97,1.96,1.95,1.94,1.93,1.92,1.91,1.9,1.89,1.88,0,0,0,0,0,0,0,0,0,0,2709670,340300,81000,109700,87500,94900,18200,45600,16300,206800,0,0,0,0,0,0,0,0,0,0,1529,T1
2,000571,2.74,2.63,2.7,2.76,2.6,2.74,2.76,2.5,0,0,20211118131939000,10462305,2.80565e+07,2.68168,2.73,2.72,2.71,2.7,2.69,2.68,2.67,2.66,2.65,2.64,2.74,2.75,2.76,0,0,0,0,0,0,0,96300,68900,124600,225200,158300,259700,270100,21000,489800,84400,60769,190100,1329645,0,0,0,0,0,0,0,1792,T1
2,000591,9.44,9.26,9.28,9.48,9.15,9.44,10.19,8.33,0,0,20211118131939000,86804875,8.11962e+08,9.35388,9.43,9.42,9.41,9.4,9.39,9.38,9.37,9.36,9.35,9.34,9.44,9.45,9.46,9.47,9.48,9.49,9.5,9.51,9.52,9.53,143400,208000,146300,321000,230500,181600,119300,161700,387300,142500,79300,160300,126200,250400,662800,932000,1596500,194300,235600,167600,54688,T1
2,000597,5.2,5.17,5.18,5.2,5.14,5.2,5.69,4.65,0,0,20211118131939000,3291533,1.69945e+07,5.16309,5.19,5.18,5.17,5.16,5.15,5.14,5.13,5.12,5.11,5.1,5.2,5.21,5.22,5.23,5.24,5.25,5.26,5.27,5.28,5.29,51500,11700,21100,82400,143900,236260,203800,114900,75900,219500,12500,67469,89300,58400,22400,152300,37600,33000,54300,43900,3966,T1
2,002042,4.48,4.46,4.46,4.51,4.44,4.48,4.91,4.01,0,0,20211118131939000,7802332,3.49033e+07,4.47345,4.47,4.46,4.45,4.44,4.43,4.42,4.41,4.4,4.39,4.38,4.48,4.49,4.5,4.51,4.52,4.53,4.54,4.55,4.56,4.57,109211,387000,330500,231500,147100,188200,145100,244200,34400,136700,59300,314100,314000,240100,210100,189600,122200,84300,203900,11900,8967,T1
2,002044,7.78,7.85,7.82,7.9,7.74,7.78,8.64,7.07,0,0,20211118131939000,28455398,2.21812e+08,7.79507,7.77,7.76,7.75,7.74,7.73,7.72,7.71,7.7,7.69,7.68,7.78,7.79,7.8,7.81,7.82,7.83,7.84,7.85,7.86,7.87,202200,259024,300900,245300,363800,237400,284800,590200,154600,123100,18100,68400,128000,54100,44900,110100,126400,154521,89200,100200,18886,T1
2,002031,1.98,1.97,1.97,1.99,1.96,1.98,2.17,1.77,0,0,20211118131939000,16426500,3.2477e+07,1.97711,1.97,1.96,1.95,1.94,1.93,1.92,1.91,1.9,1.89,1.88,1.98,1.99,2,2.01,2.02,2.03,2.04,2.05,2.06,2.07,450100,2053000,789100,510300,414200,574200,144000,316800,59400,89000,1834950,2979200,2800677,1222100,1231100,982200,488000,836600,267800,94900,6964,T1
2,002048,23.87,24.34,24.35,24.38,23.77,23.87,26.77,21.91,0,0,20211118131939000,10976636,2.63373e+08,23.994,23.87,23.86,23.85,23.84,23.83,23.82,23.81,23.8,23.79,23.78,23.88,23.89,23.9,23.91,23.93,23.94,23.95,23.96,23.97,23.98,16100,53200,122300,31200,30900,11000,55200,162700,16400,62600,37000,21200,14400,23900,300,2700,3000,4100,7000,5500,22158,T1
2,002045,13.69,14.77,14.75,15.14,13.57,13.69,16.25,13.29,0,0,20211118131939000,53364371,7.56982e+08,14.1852,13.68,13.67,13.66,13.65,13.64,13.63,13.62,13.61,13.6,13.59,13.69,13.7,13.71,13.72,13.73,13.74,13.75,13.76,13.77,13.78,27000,40600,29300,24300,2000,10200,14400,26300,76300,19100,300,8000,56100,35100,26800,11300,3000,1700,6000,16600,54478,T1
2,002049,212,213.02,210.15,213.02,207.36,212,234.32,191.72,0,0,20211118131939000,3755754,7.86783e+08,209.487,212,211.99,211.98,211.96,211.95,211.87,211.59,211.55,211.53,211.5,212.22,212.23,212.24,212.4,212.43,212.44,212.45,212.46,212.47,212.48,8800,100,100,600,200,300,600,200,100,300,1700,1400,200,200,100,1600,300,2200,500,600,21318,T1
2,002051,6.75,6.74,6.74,6.84,6.73,6.75,7.41,6.07,0,0,20211118131939000,3558610,2.41191e+07,6.77768,6.75,6.74,6.73,6.72,6.71,6.7,6.69,6.68,6.67,6.66,6.76,6.77,6.78,6.79,6.8,6.81,6.82,6.83,6.84,6.85,21700,87600,60500,32000,46000,49900,92600,13000,10200,52400,12700,12200,39800,14500,52400,15000,56966,58500,78700,213047,5083,T1
2,002062,3.99,3.91,3.91,3.99,3.88,3.99,4.3,3.52,0,0,20211118131939000,3560280,1.39397e+07,3.91535,3.98,3.97,3.96,3.95,3.94,3.93,3.92,3.91,3.9,3.89,3.99,4,4.01,4.02,4.03,4.04,4.05,4.06,4.07,4.08,49900,56300,61900,14160,31100,14900,28600,97300,24160,6000,40980,19800,10000,21900,4200,37900,19600,30100,90700,36900,2001,T1
2,002064,10.59,10.5,10.51,10.67,10.46,10.59,11.55,9.45,0,0,20211118131939000,14870350,1.57001e+08,10.558,10.59,10.58,10.57,10.56,10.55,10.54,10.53,10.52,10.51,10.5,10.6,10.61,10.62,10.63,10.64,10.65,10.66,10.67,10.68,10.69,87300,64300,106000,77500,54400,59400,78200,83693,73700,183544,136200,109100,113300,117400,176800,214300,102400,147500,141600,53600,14989,T1
2,002075,5.54,5.52,5.51,5.58,5.48,5.54,6.07,4.97,0,0,20211118131939000,15846824,8.77763e+07,5.53905,5.54,5.53,5.52,5.51,5.5,5.49,5.48,5.47,5.46,5.45,5.55,5.56,5.57,5.58,5.59,5.6,5.61,5.62,5.63,5.64,227300,341800,269100,560000,786100,413400,561800,131000,181900,332300,184200,288049,679400,866400,419400,575900,175300,138700,100100,143600,10999,T1
2,002055,11.84,12.15,12.01,12.07,11.6,11.84,13.37,10.94,0,0,20211118131939000,12232888,1.44603e+08,11.8208,11.84,11.83,11.82,11.81,11.8,11.79,11.78,11.77,11.76,11.75,11.85,11.86,11.87,11.88,11.89,11.9,11.91,11.92,11.93,11.94,8500,5400,9100,5300,19700,2500,34600,100,12000,36700,19400,7000,2800,7200,13300,18700,24500,25700,4400,10300,17308,T1
2,002063,7.67,7.58,7.57,7.8,7.51,7.67,8.34,6.82,0,0,20211118131939000,32096459,2.46927e+08,7.69329,7.67,7.66,7.65,7.64,7.63,7.62,7.61,7.6,7.59,7.58,7.68,7.69,7.7,7.71,7.72,7.73,7.74,7.75,7.76,7.77,11700,45700,129600,9000,57900,5700,15800,55400,112300,93200,11660,21060,205656,71148,117200,101400,130036,549304,229840,212020,24725,T1
2,002066,9.8,9.67,9.67,9.82,9.6,9.8,10.64,8.7,0,0,20211118131939000,1665500,1.62339e+07,9.74716,9.8,9.79,9.78,9.77,9.76,9.75,9.74,9.73,9.72,9.7,9.81,9.82,9.83,9.84,9.85,9.86,9.87,9.88,9.89,9.9,1100,5700,9200,3600,1200,11700,43700,200,200,3500,5800,42600,55600,21600,25100,13000,36000,10300,10900,10800,2391,T1
2,002073,9.29,9.19,9.15,9.68,8.72,9.29,10.11,8.27,0,0,20211118131939000,87247617,8.05385e+08,9.23103,9.27,9.26,9.25,9.24,9.23,9.22,9.21,9.2,9.19,9.18,9.29,9.3,9.31,9.32,9.33,9.34,9.35,9.36,9.37,9.38,13500,94600,74100,14700,48800,33500,56800,136100,75300,53000,10000,4600,9200,6800,22300,3700,10300,20100,28100,26400,80189,T1
2,002085,5.58,5.52,5.5,5.66,5.45,5.58,6.07,4.97,0,0,20211118131939000,15371220,8.52691e+07,5.54732,5.58,5.57,5.56,5.55,5.54,5.53,5.52,5.51,5.5,5.49,5.59,5.6,5.61,5.62,5.63,5.64,5.65,5.66,5.67,5.68,109600,96000,188200,182800,143800,163200,187300,46600,413900,15000,61800,127000,119302,112000,119600,101100,237700,275600,157300,277700,11462,T1
2,002080,34.78,33.92,33.95,35.34,33.61,34.78,37.31,30.53,0,0,20211118131939000,39294039,1.3606e+09,34.6261,34.78,34.77,34.76,34.75,34.74,34.73,34.72,34.71,34.7,34.69,34.79,34.8,34.81,34.82,34.84,34.85,34.86,34.87,34.88,34.89,300,12900,1900,72800,2800,7500,7400,1900,29500,800,1600,14300,8100,5400,2800,700,1500,5700,5700,15300,70664,T1
2,002089,2.54,2.51,2.42,2.59,2.42,2.54,2.64,2.38,0,0,20211118131939000,27142802,6.82016e+07,2.51269,2.53,2.52,2.51,2.5,2.49,2.48,2.47,2.46,2.45,2.44,2.54,2.55,2.56,2.57,2.58,2.59,2.6,2.61,2.62,2.63,189200,238100,321400,278600,122900,222000,31600,65500,228900,90800,59000,439900,151800,192300,100900,202300,519400,260800,286900,691500,3559,T1
2,002091,11.59,11.37,11.35,11.65,11.16,11.59,12.51,10.23,0,0,20211118131939000,17767207,2.01493e+08,11.3407,11.59,11.58,11.57,11.56,11.55,11.54,11.53,11.52,11.51,11.5,11.6,11.61,11.62,11.63,11.64,11.65,11.66,11.67,11.68,11.69,74500,14800,41000,35835,48500,34600,46000,19500,21600,80500,39500,25600,29300,46200,94100,149500,56700,29300,68690,52500,16641,T1
2,002056,18.18,18.11,18.4,18.47,17.75,18.18,19.92,16.3,0,0,20211118131939000,113142469,2.04771e+09,18.0985,18.17,18.16,18.15,18.13,18.12,18.11,18.1,18.09,18.08,18.07,18.18,18.19,18.2,18.21,18.22,18.23,18.24,18.25,18.26,18.27,2400,4400,39300,7400,25500,5400,149700,107500,133600,100300,3200,68000,172400,39200,25400,16000,25600,36900,60400,22100,120702,T1
2,002099,7.97,8.09,8.08,8.09,7.93,7.97,8.9,7.28,0,0,20211118131939000,4111202,3.28755e+07,7.99656,7.95,7.94,7.93,7.92,7.91,7.9,7.89,7.88,7.87,7.86,7.97,7.98,7.99,8,8.01,8.02,8.03,8.04,8.05,8.06,77100,45900,80900,52500,96200,118700,50600,12500,2500,29400,8300,12500,27700,69200,19100,278100,14400,7900,13700,29800,2176,T1
2,002078,11.87,12,12,12.09,11.82,11.87,13.2,10.8,0,0,20211118131939000,14444396,1.72088e+08,11.9138,11.87,11.86,11.85,11.84,11.83,11.82,11.81,11.8,11.79,11.78,11.88,11.89,11.9,11.91,11.92,11.93,11.94,11.95,11.96,11.97,62700,130300,273300,156700,805300,252200,277400,405900,109900,71900,1000,39300,101500,33300,54600,44200,23900,86014,58900,18400,17559,T1
2,002092,9.54,9.28,9.28,9.66,9.26,9.54,10.21,8.35,0,0,20211118131939000,109577335,1.04223e+09,9.51133,9.53,9.52,9.51,9.5,9.49,9.48,9.47,9.46,9.45,9.44,9.54,9.55,9.56,9.57,9.58,9.59,9.6,9.61,9.62,9.63,109600,102418,109000,218300,239800,279100,207000,108800,199000,274500,92300,245100,298200,209900,206000,183600,394500,166600,235950,185500,92207,T1
2,002096,16.94,17.29,17.29,17.56,16.68,16.94,19.02,15.56,0,0,20211118131939000,17484382,2.9758e+08,17.0197,16.94,16.93,16.92,16.91,16.9,16.89,16.88,16.87,16.86,16.85,16.95,16.96,16.97,16.98,16.99,17,17.01,17.02,17.03,17.04,15700,4000,2100,18900,38600,14300,11600,9200,20200,44500,300,1200,300,800,8100,28100,13800,10800,17100,6300,26574,T1
2,002118,2.65,2.56,2.56,2.7,2.55,2.65,2.82,2.3,0,0,20211118131939000,35098426,9.25033e+07,2.63554,2.64,2.63,2.62,2.61,2.6,2.59,2.58,2.57,2.56,2.55,2.65,2.66,2.67,2.68,2.69,2.7,2.71,2.72,2.73,2.74,644100,2334000,254800,336200,939500,145800,281000,151000,285400,548700,88100,620900,500000,763300,895500,1189700,227600,369400,130900,177100,9232,T1
2,002084,4.69,4.74,4.74,4.77,4.69,4.69,5.21,4.27,0,0,20211118131939000,1918431,9.04786e+06,4.71628,4.69,4.68,4.67,4.66,4.65,4.64,4.63,4.62,4.61,4.6,4.7,4.71,4.72,4.73,4.74,4.75,4.76,4.77,4.78,4.79,68629,172000,73000,32800,59000,17800,7500,2800,6600,39400,4700,39763,49200,14800,49800,100000,189100,39950,41710,73200,2299,T1
2,002100,9.3,9.28,9.22,9.4,9.18,9.3,10.21,8.35,0,0,20211118131939000,11901561,1.10904e+08,9.31841,9.3,9.29,9.28,9.27,9.26,9.25,9.24,9.23,9.22,9.21,9.31,9.32,9.33,9.34,9.35,9.36,9.37,9.38,9.39,9.4,78155,143100,230600,91400,122400,111200,27400,80800,47900,149400,49800,35700,2900,4100,31300,208700,52600,84400,217300,125300,10849,T1
2,002106,11.04,11.16,11.16,11.24,10.99,11.04,12.28,10.04,0,0,20211118131939000,7504473,8.33551e+07,11.1074,11.04,11.03,11.02,11.01,11,10.99,10.98,10.97,10.96,10.95,11.05,11.06,11.07,11.08,11.09,11.1,11.11,11.12,11.13,11.14,63800,42400,53500,54700,96600,61600,40700,11200,44200,52800,3200,20900,14700,15500,44400,44400,155500,26600,35700,65816,10858,T1
2,002113,1.59,1.57,1.56,1.6,1.55,1.59,1.65,1.49,0,0,20211118131939000,15828351,2.49398e+07,1.57564,1.59,1.58,1.57,1.56,1.55,1.54,1.53,1.52,1.51,1.5,1.6,1.61,1.62,1.63,1.64,1.65,0,0,0,0,1256310,1775439,1091000,1241800,837280,759400,430200,159000,127100,233700,2457690,1917300,2388360,1813820,1660100,3578380,0,0,0,0,1585,T1
2,002093,6.22,6.27,6.3,6.37,6.21,6.22,6.9,5.64,0,0,20211118131939000,8772834,5.51131e+07,6.28225,6.21,6.2,6.19,6.18,6.17,6.16,6.15,6.14,6.13,6.12,6.22,6.23,6.24,6.25,6.26,6.27,6.28,6.29,6.3,6.31,90700,106300,48100,84600,59200,26300,79200,3400,20400,65900,4000,77700,26500,84900,28200,77700,108000,190000,132400,57300,11160,T1
2,002095,19.7,18.46,18.46,19.91,18.3,19.7,20.31,16.61,0,0,20211118131939000,15073728,2.85859e+08,18.9641,19.7,19.69,19.68,19.67,19.66,19.65,19.61,19.6,19.58,19.57,19.71,19.74,19.75,19.76,19.77,19.78,19.79,19.8,19.82,19.83,2000,18700,3100,5700,3700,7261,1000,2300,3300,1400,200,2000,1800,7100,23600,1300,8100,65500,3400,200,17945,T1
2,002189,20.95,21.83,21.88,21.94,20.58,20.95,24.01,19.65,0,0,20211118131939000,12388159,2.60872e+08,21.0582,20.95,20.93,20.92,20.91,20.9,20.89,20.88,20.87,20.86,20.85,20.98,20.99,21,21.02,21.03,21.04,21.05,21.06,21.07,21.08,5900,100,2100,15600,4600,100,100,900,2500,6100,24200,2100,7600,200,1100,22600,3700,2200,200,3800,20359,T1
2,002174,14.87,15.26,15.28,15.35,14.81,14.87,16.79,13.73,0,0,20211118131939000,22647243,3.41061e+08,15.0597,14.86,14.85,14.84,14.83,14.82,14.81,14.8,14.79,14.78,14.77,14.87,14.88,14.89,14.9,14.91,14.92,14.94,14.95,14.96,14.97,1200,5000,22800,57100,36700,120200,260100,51100,51800,62500,2400,2400,13000,25000,1300,400,1200,4000,3800,15900,30381,T1
2,002187,8.1,8.16,8.13,8.21,8.1,8.1,8.98,7.34,0,0,20211118131939000,909800,7.40156e+06,8.13537,8.1,8.09,8.08,8.07,8.06,8.05,8.04,8.03,8.02,8.01,8.11,8.12,8.13,8.14,8.15,8.16,8.17,8.18,8.19,8.2,80800,23000,19500,6800,10600,6200,1700,4100,8700,18000,7300,5200,4600,1700,18700,33100,13300,56700,19600,6500,1372,T1
2,002211,3.89,3.91,3.9,3.93,3.88,3.89,4.3,3.52,0,0,20211118131939000,4085800,1.59313e+07,3.8992,3.88,3.87,3.86,3.85,3.84,3.83,3.82,3.81,3.8,3.79,3.89,3.9,3.91,3.92,3.93,3.94,3.95,3.96,3.97,3.98,171600,460600,198700,295400,11600,21100,21000,23300,58000,8100,37000,49600,55400,177800,207100,118900,186400,68500,76100,113100,4790,T1
2,002158,28.41,27.74,27.9,28.45,27.45,28.41,30.51,24.97,0,0,20211118131939000,4982452,1.39034e+08,27.9048,28.42,28.38,28.37,28.36,28.33,28.32,28.31,28.3,28.29,28.26,28.43,28.44,28.45,28.46,28.48,28.49,28.5,28.51,28.52,28.53,100,7200,15300,2800,1000,900,200,300,500,3000,900,12900,37200,3100,8300,20200,95100,1700,10100,200,10834,T1
2,002166,8.85,8.65,8.63,8.86,8.6,8.85,9.52,7.79,0,0,20211118131939000,10385776,9.08307e+07,8.74568,8.84,8.83,8.82,8.81,8.8,8.79,8.78,8.77,8.76,8.75,8.85,8.86,8.87,8.88,8.89,8.9,8.91,8.92,8.93,8.94,15300,13300,14690,20200,59370,30500,62412,49000,63800,40800,136600,211300,86430,279913,73150,134500,23400,74400,79100,17500,8019,T1
2,002167,7.83,7.76,7.77,7.87,7.65,7.83,8.54,6.98,0,0,20211118131939000,11990297,9.30642e+07,7.76163,7.82,7.81,7.8,7.79,7.78,7.77,7.76,7.75,7.74,7.73,7.83,7.84,7.85,7.86,7.87,7.88,7.89,7.9,7.91,7.92,19700,20800,104500,53800,21500,44400,73900,31500,11200,71200,6100,35600,68700,132200,92800,105200,130900,177400,92500,56000,16286,T1
2,002197,7.37,7.37,7.38,7.42,7.31,7.37,8.11,6.63,0,0,20211118131939000,3799200,2.79424e+07,7.35482,7.37,7.36,7.35,7.34,7.33,7.32,7.31,7.3,7.29,7.28,7.38,7.39,7.4,7.41,7.42,7.43,7.44,7.45,7.46,7.47,6400,28700,67100,11600,14900,15400,131700,49300,53900,26300,73000,73300,119800,26900,79300,93900,92700,121000,34100,27000,6957,T1
2,002198,8.44,8.61,8.88,8.88,8.35,8.44,9.47,7.75,0,0,20211118131939000,9132474,7.71563e+07,8.44856,8.44,8.43,8.42,8.41,8.4,8.39,8.38,8.37,8.36,8.35,8.45,8.46,8.47,8.48,8.49,8.5,8.51,8.52,8.53,8.56,500,12900,16500,16500,241800,58300,132800,41126,153700,163300,53000,88600,34200,63800,29400,44000,4300,7200,12100,13500,15935,T1
2,002199,8.56,8.47,8.46,8.7,8.4,8.56,9.32,7.62,0,0,20211118131939000,6866800,5.8802e+07,8.56323,8.55,8.54,8.53,8.52,8.51,8.5,8.49,8.48,8.47,8.46,8.56,8.57,8.58,8.59,8.6,8.61,8.62,8.63,8.64,8.65,22600,3000,6600,6700,72700,21900,41900,12800,4400,1100,2800,6300,10900,6900,16100,10200,18300,900,6200,22600,11413,T1
2,002185,13.88,14.09,13.98,14.18,13.82,13.88,15.5,12.68,0,0,20211118131939000,46962775,6.55804e+08,13.9643,13.88,13.87,13.86,13.85,13.84,13.83,13.82,13.81,13.8,13.79,13.89,13.9,13.91,13.92,13.93,13.94,13.95,13.96,13.97,13.98,74700,102900,135000,180900,210100,187500,224499,483100,853400,110600,13400,46700,11900,100888,106274,24800,100000,51700,30200,82000,49143,T1
2,002193,6.58,6.31,6.25,6.58,6.18,6.58,6.94,5.68,0,0,20211118131939000,3232710,2.0621e+07,6.37885,6.56,6.54,6.53,6.52,6.51,6.5,6.49,6.48,6.47,6.46,6.57,6.58,6.59,6.6,6.61,6.62,6.64,6.65,6.66,6.67,16300,2700,20300,36900,7800,31000,2300,100,1500,500,5000,25500,50400,70200,100,26900,4200,6500,5100,500,3285,T1
2,002223,35.48,36.12,36.15,36.2,35.22,35.48,39.73,32.51,0,0,20211118131939000,4642825,1.6475e+08,35.4848,35.48,35.47,35.46,35.45,35.44,35.43,35.42,35.41,35.4,35.39,35.49,35.5,35.51,35.52,35.55,35.56,35.57,35.58,35.59,35.6,900,2000,800,1200,2700,9500,3887,4600,33800,2000,1400,900,1400,500,900,500,1000,300,1700,4900,15199,T1
2,002203,12.23,12.35,12.4,12.48,12.08,12.23,13.59,11.12,0,0,20211118131939000,8844348,1.08549e+08,12.2733,12.22,12.21,12.2,12.19,12.18,12.16,12.15,12.13,12.12,12.11,12.23,12.24,12.25,12.26,12.27,12.28,12.29,12.3,12.31,12.32,11500,40000,20800,3500,2100,17400,12800,300,100,28400,1400,33200,19500,20100,11500,23400,2000,51600,6900,17000,15962,T1
2,002206,8.44,7.93,7.94,8.71,7.83,8.44,8.72,7.14,0,0,20211118131939000,56834093,4.76679e+08,8.3872,8.44,8.43,8.42,8.41,8.4,8.39,8.38,8.37,8.36,8.35,8.45,8.46,8.47,8.48,8.49,8.5,8.51,8.52,8.53,8.54,5500,3700,18200,18600,56300,15000,27900,21400,18700,17900,29600,17300,49200,226600,38500,131800,49100,33500,47550,26500,58767,T1
2,002213,15.95,15.92,15.92,16.1,15.69,15.95,17.51,14.33,0,0,20211118131939000,1938200,3.08195e+07,15.9011,15.95,15.92,15.91,15.9,15.87,15.86,15.85,15.84,15.81,15.8,15.97,15.98,15.99,16,16.02,16.03,16.05,16.06,16.07,16.08,1200,13000,3700,7000,1600,8000,15400,19300,1600,12600,400,1000,3300,5700,500,2000,1000,10100,200,700,3720,T1
2,002244,4,4.02,4.02,4.02,3.98,4,4.42,3.62,0,0,20211118131939000,6450205,2.57671e+07,3.99477,4,3.99,3.98,3.97,3.96,3.95,3.94,3.93,3.92,3.91,4.01,4.02,4.03,4.04,4.05,4.06,4.07,4.08,4.09,4.1,90500,381600,440000,319700,486300,334700,97500,52000,75600,247700,44641,214300,118100,174400,270500,87900,59000,69200,183000,69200,7177,T1
2,002251,6.82,6.86,6.83,6.89,6.78,6.82,7.55,6.17,0,0,20211118131939000,2155251,1.47146e+07,6.82731,6.81,6.8,6.79,6.78,6.77,6.76,6.75,6.74,6.73,6.72,6.82,6.83,6.84,6.85,6.86,6.87,6.88,6.89,6.9,6.91,7400,34800,92300,90100,33300,20600,45700,15000,61000,5000,13600,24254,25000,49600,68300,31300,76400,173300,44300,8300,2928,T1
2,002212,17.72,17.56,17.63,17.76,17.42,17.72,19.32,15.8,0,0,20211118131939000,4648915,8.16756e+07,17.5687,17.72,17.71,17.7,17.69,17.68,17.67,17.66,17.65,17.63,17.62,17.73,17.74,17.75,17.76,17.77,17.78,17.79,17.8,17.81,17.82,200,3700,1500,3100,1400,4500,5000,5400,5800,1900,4000,10100,26100,9800,9700,4800,54900,44600,3500,50500,11728,T1
2,002216,20.24,20.34,20.4,20.85,20.12,20.24,22.37,18.31,0,0,20211118131939000,6406208,1.31369e+08,20.5065,20.23,20.22,20.21,20.2,20.19,20.18,20.17,20.16,20.15,20.14,20.24,20.25,20.26,20.27,20.28,20.29,20.31,20.32,20.33,20.34,6800,5700,16900,34900,4500,4800,3600,3400,22100,1100,1400,1100,22800,17100,100,5500,2300,2000,500,6010,11975,T1
2,002230,57.03,57.27,57,57.5,55.81,57.03,63,51.54,0,0,20211118131939000,15433310,8.71728e+08,56.4835,57,56.98,56.97,56.96,56.95,56.94,56.91,56.9,56.89,56.88,57.02,57.03,57.04,57.05,57.06,57.07,57.08,57.09,57.1,57.11,4800,100,800,21300,2100,1700,100,3000,2800,3900,100,1900,7700,17900,3100,3200,5700,5900,13200,1600,34792,T1
2,002233,10.13,10.09,10.05,10.15,10.04,10.13,11.1,9.08,0,0,20211118131939000,5782742,5.83521e+07,10.0907,10.12,10.11,10.1,10.09,10.08,10.07,10.06,10.05,10.04,10.03,10.13,10.14,10.15,10.16,10.17,10.18,10.19,10.2,10.21,10.22,14500,18400,47900,48600,61000,61400,97700,268700,118300,132300,43300,105400,120200,45800,39700,74700,57800,67200,12400,20600,11177,T1
2,002225,4.46,4.31,4.31,4.54,4.31,4.46,4.74,3.88,0,0,20211118131939000,13983948,6.19687e+07,4.43142,4.45,4.44,4.43,4.42,4.41,4.4,4.39,4.38,4.37,4.36,4.46,4.47,4.48,4.49,4.5,4.51,4.52,4.53,4.54,4.55,23900,73800,327800,103900,144400,124400,101400,53200,17700,54800,86889,140900,110678,154700,197000,118900,334800,277700,234700,115900,8340,T1
2,002232,11.89,11.87,12.22,12.48,11.65,11.89,13.06,10.68,0,0,20211118131939000,32639757,3.9556e+08,12.1189,11.88,11.87,11.86,11.85,11.84,11.83,11.82,11.81,11.8,11.79,11.89,11.9,11.91,11.92,11.93,11.94,11.95,11.96,11.97,11.98,4700,2300,17500,7900,22700,16000,16100,9900,24300,800,8500,1100,3300,3700,18000,2900,17200,26400,3600,47600,25053,T1
2,002235,4.7,4.81,4.79,4.81,4.7,4.7,5.29,4.33,0,0,20211118131939000,10682863,5.06677e+07,4.74289,4.7,4.69,4.68,4.67,4.66,4.65,4.64,4.63,4.62,4.61,4.71,4.72,4.73,4.74,4.75,4.76,4.77,4.78,4.79,4.8,23400,97900,104900,131600,175600,37900,14900,6400,11800,11000,9000,44400,159100,45700,117600,79800,85300,105400,168500,287600,11519,T1
2,002264,4,4.02,4.01,4.03,3.98,4,4.42,3.62,0,0,20211118131939000,886700,3.54394e+06,3.99678,4,3.99,3.98,3.97,3.96,3.95,3.93,3.91,3.9,3.89,4.01,4.02,4.03,4.04,4.05,4.06,4.07,4.08,4.09,4.1,21000,118800,150500,54400,65200,61900,1200,20000,12000,7400,40100,48900,23600,52600,79000,80600,14700,14700,27400,16800,612,T1
2,002276,9.3,9.25,9.16,9.49,9.1,9.3,10.18,8.33,0,0,20211118131939000,24863214,2.31745e+08,9.32082,9.3,9.29,9.28,9.27,9.26,9.25,9.24,9.23,9.22,9.21,9.32,9.33,9.34,9.35,9.36,9.37,9.38,9.39,9.4,9.41,1500,3700,14400,24700,20800,32768,51300,26600,44600,76500,13900,13900,22400,40300,100500,71000,92500,88500,159500,46800,25958,T1
2,002219,3.44,3.46,3.39,3.52,3.38,3.44,3.63,3.29,0,0,20211118131939000,8680403,2.99353e+07,3.44861,3.44,3.43,3.42,3.41,3.4,3.39,3.38,3.37,3.36,3.35,3.45,3.46,3.47,3.48,3.49,3.5,3.51,3.52,3.53,3.54,147010,126500,54200,54600,332200,76500,140500,61600,25400,71100,6000,239700,54800,294400,257167,354300,56600,118500,148500,150200,1177,T1
2,002236,24.69,24.49,24.32,25.09,24,24.69,26.94,22.04,0,0,20211118131939000,27939186,6.84983e+08,24.5169,24.69,24.68,24.67,24.66,24.65,24.64,24.63,24.62,24.61,24.6,24.7,24.71,24.72,24.73,24.74,24.75,24.76,24.78,24.79,24.8,5800,25800,13000,11000,40400,35000,1600,8200,18000,63800,11700,20500,11600,100,2000,8400,1100,400,1200,6000,33669,T1
2,002255,6.59,6.53,6.53,6.69,6.41,6.59,7.18,5.88,0,0,20211118131939000,52158400,3.4058e+08,6.52973,6.58,6.57,6.56,6.55,6.54,6.53,6.52,6.51,6.5,6.49,6.59,6.6,6.61,6.62,6.63,6.64,6.65,6.66,6.67,6.68,184000,185800,22200,10300,60500,132100,52400,37400,263400,80400,11600,220300,55700,115400,100900,89600,139700,138900,79000,234100,48046,T1
2,002268,59.52,60.9,60.5,62,59.15,59.52,66.99,54.81,0,0,20211118131939000,9757944,5.86032e+08,60.0569,59.51,59.5,59.49,59.45,59.44,59.43,59.41,59.4,59.39,59.38,59.54,59.55,59.56,59.58,59.59,59.6,59.62,59.63,59.64,59.65,700,800,300,1900,300,200,4700,6100,100,1800,200,100,600,5700,400,5100,6000,200,900,200,29199,T1
2,002249,8.11,8.09,8.4,8.5,8.1,8.11,8.9,7.28,0,0,20211118131939000,118475094,9.82036e+08,8.28897,8.1,8.09,8.08,8.07,8.06,8.05,8.04,8.03,8.02,8.01,8.11,8.12,8.13,8.14,8.15,8.16,8.17,8.18,8.19,8.2,815500,362100,402200,80700,354500,173200,32300,50200,157300,184600,159600,56400,90434,124400,104300,34600,32600,108200,191700,631515,74164,T1
2,002253,14.39,14.58,14.68,14.72,14.23,14.39,16.04,13.12,0,0,20211118131939000,3626258,5.26791e+07,14.5271,14.38,14.37,14.36,14.35,14.34,14.33,14.32,14.31,14.3,14.29,14.4,14.42,14.44,14.45,14.46,14.47,14.48,14.49,14.5,14.51,700,1600,2400,1900,2600,600,3100,3900,8100,20400,1700,4600,6500,11100,2100,7000,3900,4200,4700,7100,7671,T1
2,002254,20.63,20.57,20.64,20.72,20.22,20.63,22.63,18.51,0,0,20211118131939000,11794255,2.41195e+08,20.4502,20.63,20.62,20.61,20.6,20.59,20.58,20.57,20.56,20.55,20.54,20.64,20.65,20.66,20.67,20.68,20.7,20.71,20.72,20.73,20.74,700,10700,6100,27900,11000,33400,30700,4300,1600,800,10900,400,3300,4000,12000,27500,57900,15700,13800,5000,26710,T1
2,002269,2.27,2.27,2.27,2.29,2.25,2.27,2.5,2.04,0,0,20211118131939000,12968700,2.95014e+07,2.27482,2.27,2.26,2.25,2.24,2.23,2.22,2.21,2.2,2.19,2.18,2.28,2.29,2.3,2.31,2.32,2.33,2.34,2.35,2.36,2.37,534000,1077400,1655900,676400,1539400,461700,222500,435400,27000,85300,1458700,1437000,1500900,514400,407850,457600,445100,1258300,483000,816300,4335,T1
2,002258,27.63,27.59,27.56,28,27.41,27.63,30.35,24.83,0,0,20211118131939000,4708275,1.3057e+08,27.732,27.63,27.62,27.61,27.6,27.59,27.58,27.57,27.56,27.55,27.52,27.64,27.65,27.66,27.67,27.69,27.7,27.74,27.75,27.77,27.8,300,2800,2200,4700,1000,1400,5000,2000,11900,1100,600,1900,7700,1800,7800,100,2000,500,100,200,13170,T1
2,002281,23.47,23.63,23.7,23.73,23.25,23.47,25.99,21.27,0,0,20211118131939000,6173950,1.44432e+08,23.3938,23.46,23.45,23.44,23.43,23.42,23.41,23.4,23.39,23.38,23.37,23.48,23.49,23.5,23.51,23.52,23.53,23.55,23.56,23.57,23.58,8000,14300,5300,10000,2100,8600,11100,5100,5300,1850,5000,24700,19700,14300,1200,2900,2000,16400,2600,7600,13526,T1
2,002274,11.29,10.64,10.89,11.29,10.88,11.29,11.7,9.58,0,0,20211118131939000,45047164,5.01275e+08,11.1278,11.28,11.27,11.26,11.25,11.24,11.23,11.22,11.21,11.2,11.19,11.29,11.3,11.31,11.32,11.33,11.34,11.35,11.36,11.37,11.38,172800,49600,84300,34400,96358,33400,48879,12900,110400,17800,99500,828000,80400,132800,412100,107900,320000,278100,87500,287250,39667,T1
2,002286,15.43,15.21,15.15,15.66,14.96,15.43,16.73,13.69,0,0,20211118131939000,16463987,2.52189e+08,15.3176,15.43,15.42,15.41,15.4,15.39,15.38,15.36,15.35,15.34,15.33,15.44,15.45,15.46,15.48,15.49,15.5,15.51,15.52,15.53,15.54,1600,300,2700,13200,5800,18600,4100,11500,5400,7300,800,2900,10800,1100,9600,7600,1300,6700,3100,2000,29660,T1
2,002280,5.11,5.17,5.12,5.16,5.05,5.11,5.69,4.65,0,0,20211118131939000,27830211,1.41793e+08,5.09493,5.1,5.09,5.08,5.07,5.06,5.05,5.04,5.03,5.02,5.01,5.11,5.12,5.13,5.14,5.15,5.16,5.17,5.18,5.19,5.2,228300,338100,499100,440900,770200,1187100,249000,198900,185700,524900,53700,125500,128200,203000,275000,386502,279700,350400,268400,528300,18145,T1
2,002284,8.11,8.15,8.28,8.33,8.07,8.11,8.97,7.34,0,0,20211118131939000,17147800,1.39983e+08,8.16332,8.11,8.1,8.09,8.08,8.07,8.06,8.05,8.04,8.03,8.02,8.12,8.13,8.14,8.15,8.16,8.17,8.18,8.19,8.2,8.21,500,84000,72000,111700,154200,77000,258300,49800,81900,167400,17500,77100,13600,47200,74000,29800,63500,95900,208500,53200,16537,T1
2,002298,7.28,7.46,7.6,7.68,7.28,7.28,8.21,6.71,0,0,20211118131939000,34431029,2.5697e+08,7.46332,7.28,7.27,7.26,7.25,7.24,7.23,7.22,7.21,7.2,7.19,7.29,7.3,7.31,7.32,7.33,7.34,7.35,7.36,7.37,7.38,261900,48500,80600,116900,55900,78800,93600,113600,262000,27800,7200,81700,98400,62700,35000,7000,35300,13100,19200,69400,22981,T1
2,002292,5.89,6.12,6.12,6.21,5.87,5.89,6.73,5.51,0,0,20211118131939000,29375920,1.76004e+08,5.99145,5.89,5.88,5.87,5.86,5.85,5.84,5.83,5.82,5.81,5.8,5.9,5.91,5.92,5.93,5.94,5.95,5.96,5.97,5.98,5.99,5500,210470,214200,187100,132900,51100,35800,121000,45400,305800,58600,16700,17500,53400,23700,36000,39800,20100,45600,48100,17838,T1
2,002294,28.44,29.44,29.44,29.55,28.33,28.44,32.38,26.5,0,0,20211118131939000,2441709,7.03845e+07,28.8259,28.44,28.43,28.41,28.4,28.39,28.38,28.37,28.36,28.35,28.33,28.48,28.49,28.5,28.51,28.55,28.56,28.57,28.67,28.68,28.7,300,5700,1300,1300,6300,9400,13500,11400,3900,3600,1100,1500,800,1300,3300,200,3600,4100,119200,12000,6637,T1
2,002304,174.69,175.8,174.72,176.28,173.8,174.69,193.38,158.22,0,0,20211118131939000,2730721,4.7705e+08,174.697,174.69,174.68,174.66,174.65,174.62,174.61,174.6,174.58,174.55,174.5,174.7,174.71,174.72,174.75,174.79,174.8,174.82,174.83,174.84,174.85,700,200,400,1600,1700,300,200,2400,100,1600,3900,1800,500,100,100,100,100,400,200,1900,14730,T1
2,002310,2.87,2.9,2.9,2.91,2.86,2.87,3.19,2.61,0,0,20211118131939000,6652100,1.91379e+07,2.87697,2.86,2.85,2.84,2.83,2.82,2.81,2.8,2.79,2.78,2.77,2.87,2.88,2.89,2.9,2.91,2.92,2.93,2.94,2.95,2.96,346700,394700,282700,168700,42900,97900,137500,9500,9500,36100,477600,674750,419600,459200,351800,297700,584835,142200,287100,183100,5711,T1
2,002341,5.9,5.82,5.79,6.03,5.78,5.9,6.4,5.24,0,0,20211118131939000,16296100,9.66332e+07,5.92984,5.89,5.88,5.87,5.86,5.85,5.84,5.83,5.82,5.81,5.8,5.9,5.91,5.92,5.93,5.94,5.95,5.96,5.97,5.98,5.99,19500,83700,13800,162400,149100,145800,132000,41500,31900,105700,50800,59300,100300,40600,9300,154000,152900,63900,146600,248900,13628,T1
2,002347,4.39,4.4,4.39,4.43,4.35,4.39,4.84,3.96,0,0,20211118131939000,2965500,1.30194e+07,4.39029,4.38,4.37,4.36,4.35,4.34,4.33,4.32,4.31,4.3,4.29,4.39,4.4,4.41,4.42,4.43,4.44,4.45,4.46,4.47,4.48,67300,54300,116100,200400,28400,5800,94400,28000,22200,1500,20400,73100,57600,66300,28300,19400,82700,18500,55200,23400,5100,T1
2,002370,4.44,4.48,4.48,4.54,4.44,4.44,4.93,4.03,0,0,20211118131939000,4390300,1.96707e+07,4.48049,4.43,4.42,4.41,4.4,4.39,4.38,4.36,4.35,4.34,4.33,4.44,4.45,4.46,4.47,4.48,4.49,4.5,4.51,4.52,4.53,28500,31400,60300,94700,10200,19800,14000,6700,4800,4300,3200,92716,90100,15000,35300,109900,150000,98300,288000,204700,5882,T1
2,002311,64.61,64.57,64.02,65.34,63.45,64.61,71.03,58.11,0,0,20211118131939000,3625137,2.33893e+08,64.5198,64.59,64.53,64.5,64.49,64.48,64.47,64.45,64.41,64.4,64.38,64.63,64.65,64.68,64.69,64.7,64.77,64.79,64.8,64.83,64.84,100,400,2400,1500,1100,1100,1000,100,3700,400,100,600,700,2300,200,2500,300,2200,800,2000,14896,T1
2,002321,3.2,3.24,3.25,3.32,3.19,3.2,3.4,3.08,0,0,20211118131939000,9967402,3.24202e+07,3.25262,3.2,3.19,3.18,3.17,3.16,3.15,3.14,3.13,3.12,3.11,3.21,3.22,3.23,3.24,3.25,3.26,3.27,3.28,3.29,3.3,95600,249200,113300,78900,185500,101000,32000,21300,52600,16400,129600,114900,100000,117900,104400,50800,71300,148000,173900,435520,1650,T1
2,002326,57.58,61.25,60.5,60.8,55.13,57.58,67.38,55.13,0,0,20211118131939000,59182282,3.35213e+09,56.6407,57.58,57.55,57.54,57.53,57.52,57.51,57.5,57.49,57.48,57.47,57.6,57.69,57.7,57.71,57.72,57.73,57.76,57.79,57.8,57.85,3500,9400,500,500,100,200,23100,100,4200,100,10400,400,400,400,2600,200,1600,300,11800,20700,133534,T1
